dataset_name,isolate_name,gene,mutation,position,amino_acid
Cheriro15,NLHG-127,PR,PR:M46L,46,L
Cheriro15,NLHG-104,RT,RT:M41L,41,L
Cheriro15,NLHG-104,RT,RT:K65R,65,R
Cheriro15,NLHG-104,RT,RT:D67E,67,E
Cheriro15,NLHG-104,RT,RT:D67G,67,G
Cheriro15,NLHG-104,RT,RT:D67N,67,N
Cheriro15,NLHG-104,RT,RT:T69D,69,D
Cheriro15,NLHG-104,RT,RT:K70E,70,E
Cheriro15,NLHG-104,RT,RT:K70R,70,R
Cheriro15,NLHG-104,RT,RT:L74I,74,I
Cheriro15,NLHG-104,RT,RT:L74V,74,V
Cheriro15,NLHG-104,RT,RT:V75A,75,A
Cheriro15,NLHG-104,RT,RT:V75M,75,M
Cheriro15,NLHG-104,RT,RT:V75S,75,S
Cheriro15,NLHG-104,RT,RT:V75T,75,T
Cheriro15,NLHG-104,RT,RT:F77L,77,L
Cheriro15,NLHG-104,RT,RT:K219E,219,E
Cheriro15,NLHG-104,RT,RT:K219Q,219,Q
Cheriro15,NLHG-104,RT,RT:L100I,100,I
Cheriro15,NLHG-104,RT,RT:K101E,101,E
Cheriro15,NLHG-104,RT,RT:K101P,101,P
Cheriro15,NLHG-104,RT,RT:K103N,103,N
Cheriro15,NLHG-104,RT,RT:K103S,103,S
Cheriro15,NLHG-104,RT,RT:V106A,106,A
Cheriro15,NLHG-104,RT,RT:V106M,106,M
Cheriro15,NLHG-113,RT,RT:M41L,41,L
Cheriro15,NLHG-113,RT,RT:K65R,65,R
Cheriro15,NLHG-113,RT,RT:D67E,67,E
Cheriro15,NLHG-113,RT,RT:D67G,67,G
Cheriro15,NLHG-113,RT,RT:D67N,67,N
Cheriro15,NLHG-113,RT,RT:T69D,69,D
Cheriro15,NLHG-113,RT,RT:K70E,70,E
Cheriro15,NLHG-113,RT,RT:K70R,70,R
Cheriro15,NLHG-113,RT,RT:L74I,74,I
Cheriro15,NLHG-113,RT,RT:L74V,74,V
Cheriro15,NLHG-113,RT,RT:V75A,75,A
Cheriro15,NLHG-113,RT,RT:V75M,75,M
Cheriro15,NLHG-113,RT,RT:V75S,75,S
Cheriro15,NLHG-113,RT,RT:V75T,75,T
Cheriro15,NLHG-113,RT,RT:F77L,77,L
Cheriro15,NLHG-113,RT,RT:L100I,100,I
Cheriro15,NLHG-113,RT,RT:K101E,101,E
Cheriro15,NLHG-113,RT,RT:K101P,101,P
Cheriro15,NLHG-113,RT,RT:K103N,103,N
Cheriro15,NLHG-113,RT,RT:K103S,103,S
Cheriro15,NLHG-113,RT,RT:V106A,106,A
Cheriro15,NLHG-113,RT,RT:V106M,106,M
Cheriro15,NLHG-118,RT,RT:K101E,101,E
Cheriro15,NLHG-118,RT,RT:K101P,101,P
Cheriro15,NLHG-118,RT,RT:K103N,103,N
Cheriro15,NLHG-118,RT,RT:K103S,103,S
Cheriro15,NLHG-122,RT,RT:K65R,65,R
Cheriro15,NLHG-122,RT,RT:D67E,67,E
Cheriro15,NLHG-122,RT,RT:D67G,67,G
Cheriro15,NLHG-122,RT,RT:D67N,67,N
Cheriro15,NLHG-122,RT,RT:T69D,69,D
Cheriro15,NLHG-122,RT,RT:K70E,70,E
Cheriro15,NLHG-122,RT,RT:K70R,70,R
Cheriro15,NLHG-122,RT,RT:L74I,74,I
Cheriro15,NLHG-122,RT,RT:L74V,74,V
Cheriro15,NLHG-122,RT,RT:V75A,75,A
Cheriro15,NLHG-122,RT,RT:V75M,75,M
Cheriro15,NLHG-122,RT,RT:V75S,75,S
Cheriro15,NLHG-122,RT,RT:V75T,75,T
Cheriro15,NLHG-122,RT,RT:F77L,77,L
Cheriro15,NLHG-122,RT,RT:L100I,100,I
Cheriro15,NLHG-122,RT,RT:K101E,101,E
Cheriro15,NLHG-122,RT,RT:K101P,101,P
Cheriro15,NLHG-122,RT,RT:K103N,103,N
Cheriro15,NLHG-122,RT,RT:K103S,103,S
Cheriro15,NLHG-122,RT,RT:V106A,106,A
Cheriro15,NLHG-122,RT,RT:V106M,106,M
Cheriro15,NLHG-127,RT,RT:M41L,41,L
Cheriro15,NLHG-127,RT,RT:K65R,65,R
Cheriro15,NLHG-127,RT,RT:D67E,67,E
Cheriro15,NLHG-127,RT,RT:D67G,67,G
Cheriro15,NLHG-127,RT,RT:D67N,67,N
Cheriro15,NLHG-127,RT,RT:T69D,69,D
Cheriro15,NLHG-127,RT,RT:K70E,70,E
Cheriro15,NLHG-127,RT,RT:K70R,70,R
Cheriro15,NLHG-127,RT,RT:L74I,74,I
Cheriro15,NLHG-127,RT,RT:L74V,74,V
Cheriro15,NLHG-127,RT,RT:V75A,75,A
Cheriro15,NLHG-127,RT,RT:V75M,75,M
Cheriro15,NLHG-127,RT,RT:V75S,75,S
Cheriro15,NLHG-127,RT,RT:V75T,75,T
Cheriro15,NLHG-127,RT,RT:F77L,77,L
Cheriro15,NLHG-127,RT,RT:L100I,100,I
Cheriro15,NLHG-127,RT,RT:K101E,101,E
Cheriro15,NLHG-127,RT,RT:K101P,101,P
Cheriro15,NLHG-127,RT,RT:K103N,103,N
Cheriro15,NLHG-127,RT,RT:K103S,103,S
Cheriro15,NLHG-127,RT,RT:V106A,106,A
Cheriro15,NLHG-127,RT,RT:V106M,106,M
Cheriro15,NLHG-159,RT,RT:L100I,100,I
Cheriro15,NLHG-159,RT,RT:K101E,101,E
Cheriro15,NLHG-159,RT,RT:K101P,101,P
Cheriro15,NLHG-159,RT,RT:K103N,103,N
Cheriro15,NLHG-159,RT,RT:K103S,103,S
Cheriro15,NLHG-159,RT,RT:V106A,106,A
Cheriro15,NLHG-159,RT,RT:V106M,106,M
Cheriro15,NLHG-164,RT,RT:K65R,65,R
Cheriro15,NLHG-164,RT,RT:D67E,67,E
Cheriro15,NLHG-164,RT,RT:D67G,67,G
Cheriro15,NLHG-164,RT,RT:D67N,67,N
Cheriro15,NLHG-164,RT,RT:T69D,69,D
Cheriro15,NLHG-164,RT,RT:K70E,70,E
Cheriro15,NLHG-164,RT,RT:K70R,70,R
Cheriro15,NLHG-164,RT,RT:L74I,74,I
Cheriro15,NLHG-164,RT,RT:L74V,74,V
Cheriro15,NLHG-164,RT,RT:V75A,75,A
Cheriro15,NLHG-164,RT,RT:V75M,75,M
Cheriro15,NLHG-164,RT,RT:V75S,75,S
Cheriro15,NLHG-164,RT,RT:V75T,75,T
Cheriro15,NLHG-164,RT,RT:F77L,77,L
Cheriro15,NLHG-164,RT,RT:L100I,100,I
Cheriro15,NLHG-164,RT,RT:K101E,101,E
Cheriro15,NLHG-164,RT,RT:K101P,101,P
Cheriro15,NLHG-164,RT,RT:K103N,103,N
Cheriro15,NLHG-164,RT,RT:K103S,103,S
Cheriro15,NLHG-164,RT,RT:V106A,106,A
Cheriro15,NLHG-164,RT,RT:V106M,106,M
Cheriro15,NLHG-170,RT,RT:K65R,65,R
Cheriro15,NLHG-170,RT,RT:D67E,67,E
Cheriro15,NLHG-170,RT,RT:D67G,67,G
Cheriro15,NLHG-170,RT,RT:D67N,67,N
Cheriro15,NLHG-170,RT,RT:T69D,69,D
Cheriro15,NLHG-170,RT,RT:K70E,70,E
Cheriro15,NLHG-170,RT,RT:K70R,70,R
Cheriro15,NLHG-170,RT,RT:L74I,74,I
Cheriro15,NLHG-170,RT,RT:L74V,74,V
Cheriro15,NLHG-170,RT,RT:V75A,75,A
Cheriro15,NLHG-170,RT,RT:V75M,75,M
Cheriro15,NLHG-170,RT,RT:V75S,75,S
Cheriro15,NLHG-170,RT,RT:V75T,75,T
Cheriro15,NLHG-170,RT,RT:F77L,77,L
Cheriro15,NLHG-170,RT,RT:L100I,100,I
Cheriro15,NLHG-170,RT,RT:K101E,101,E
Cheriro15,NLHG-170,RT,RT:K101P,101,P
Cheriro15,NLHG-170,RT,RT:K103N,103,N
Cheriro15,NLHG-170,RT,RT:K103S,103,S
Cheriro15,NLHG-170,RT,RT:V106A,106,A
Cheriro15,NLHG-170,RT,RT:V106M,106,M
Cheriro15,NLHG-175,RT,RT:M41L,41,L
Cheriro15,NLHG-77,RT,RT:D67E,67,E
Cheriro15,NLHG-79,RT,RT:K65R,65,R
Cheriro15,NLHG-79,RT,RT:D67E,67,E
Cheriro15,NLHG-79,RT,RT:D67G,67,G
Cheriro15,NLHG-79,RT,RT:D67N,67,N
Cheriro15,NLHG-79,RT,RT:T69D,69,D
Cheriro15,NLHG-79,RT,RT:K70E,70,E
Cheriro15,NLHG-79,RT,RT:K70R,70,R
Cheriro15,NLHG-79,RT,RT:L74I,74,I
Cheriro15,NLHG-79,RT,RT:L74V,74,V
Cheriro15,NLHG-79,RT,RT:V75A,75,A
Cheriro15,NLHG-79,RT,RT:V75M,75,M
Cheriro15,NLHG-79,RT,RT:V75S,75,S
Cheriro15,NLHG-79,RT,RT:V75T,75,T
Cheriro15,NLHG-79,RT,RT:F77L,77,L
Cheriro15,NLHG-79,RT,RT:L100I,100,I
Cheriro15,NLHG-79,RT,RT:K101E,101,E
Cheriro15,NLHG-79,RT,RT:K101P,101,P
Cheriro15,NLHG-79,RT,RT:K103N,103,N
Cheriro15,NLHG-79,RT,RT:K103S,103,S
Cheriro15,NLHG-79,RT,RT:V106A,106,A
Cheriro15,NLHG-79,RT,RT:V106M,106,M
Cheriro15,NLHG-82,RT,RT:K65R,65,R
Cheriro15,NLHG-82,RT,RT:D67E,67,E
Cheriro15,NLHG-82,RT,RT:D67G,67,G
Cheriro15,NLHG-82,RT,RT:D67N,67,N
Cheriro15,NLHG-82,RT,RT:T69D,69,D
Cheriro15,NLHG-82,RT,RT:K70E,70,E
Cheriro15,NLHG-82,RT,RT:K70R,70,R
Cheriro15,NLHG-82,RT,RT:L74I,74,I
Cheriro15,NLHG-82,RT,RT:L74V,74,V
Cheriro15,NLHG-82,RT,RT:V75A,75,A
Cheriro15,NLHG-82,RT,RT:V75M,75,M
Cheriro15,NLHG-82,RT,RT:V75S,75,S
Cheriro15,NLHG-82,RT,RT:V75T,75,T
Cheriro15,NLHG-82,RT,RT:F77L,77,L
Cheriro15,NLHG-82,RT,RT:L100I,100,I
Cheriro15,NLHG-82,RT,RT:K101E,101,E
Cheriro15,NLHG-82,RT,RT:K101P,101,P
Cheriro15,NLHG-82,RT,RT:K103N,103,N
Cheriro15,NLHG-82,RT,RT:K103S,103,S
Cheriro15,NLHG-82,RT,RT:V106A,106,A
Cheriro15,NLHG-82,RT,RT:V106M,106,M
Cheriro15,NLHG-86,RT,RT:M41L,41,L
Cheriro15,NLHG-86,RT,RT:K65R,65,R
Cheriro15,NLHG-86,RT,RT:D67E,67,E
Cheriro15,NLHG-86,RT,RT:D67G,67,G
Cheriro15,NLHG-86,RT,RT:D67N,67,N
Cheriro15,NLHG-86,RT,RT:T69D,69,D
Cheriro15,NLHG-86,RT,RT:K70E,70,E
Cheriro15,NLHG-86,RT,RT:K70R,70,R
Cheriro15,NLHG-86,RT,RT:L74I,74,I
Cheriro15,NLHG-86,RT,RT:L74V,74,V
Cheriro15,NLHG-86,RT,RT:V75A,75,A
Cheriro15,NLHG-86,RT,RT:V75M,75,M
Cheriro15,NLHG-86,RT,RT:V75S,75,S
Cheriro15,NLHG-86,RT,RT:V75T,75,T
Cheriro15,NLHG-86,RT,RT:F77L,77,L
Cheriro15,NLHG-86,RT,RT:K219E,219,E
Cheriro15,NLHG-86,RT,RT:K219Q,219,Q
Cheriro15,NLHG-86,RT,RT:L100I,100,I
Cheriro15,NLHG-86,RT,RT:K101E,101,E
Cheriro15,NLHG-86,RT,RT:K101P,101,P
Cheriro15,NLHG-86,RT,RT:K103N,103,N
Cheriro15,NLHG-86,RT,RT:K103S,103,S
Cheriro15,NLHG-86,RT,RT:V106A,106,A
Cheriro15,NLHG-86,RT,RT:V106M,106,M
Cheriro15,NLHG-87,RT,RT:L100I,100,I
Cheriro15,NLHG-87,RT,RT:K101E,101,E
Cheriro15,NLHG-87,RT,RT:K101P,101,P
Cheriro15,NLHG-87,RT,RT:K103N,103,N
Cheriro15,NLHG-87,RT,RT:K103S,103,S
Cheriro15,NLHG-87,RT,RT:V106A,106,A
Cheriro15,NLHG-87,RT,RT:V106M,106,M
Cheriro15,NLHG-89,RT,RT:L100I,100,I
Cheriro15,NLHG-89,RT,RT:K101E,101,E
Cheriro15,NLHG-89,RT,RT:K101P,101,P
Cheriro15,NLHG-89,RT,RT:K103N,103,N
Cheriro15,NLHG-89,RT,RT:K103S,103,S
Cheriro15,NLHG-89,RT,RT:V106A,106,A
Cheriro15,NLHG-89,RT,RT:V106M,106,M
