mutation,gene,drug_class,position,amino_acid
L23I,PR,PI,23,I
L24I,PR,PI,24,I
D30N,PR,PI,30,N
V32I,PR,PI,32,I
M46I,PR,PI,46,I
M46L,PR,PI,46,L
I47A,PR,PI,47,A
I47V,PR,PI,47,V
G48M,PR,PI,48,M
G48V,PR,PI,48,V
I50L,PR,PI,50,L
I50V,PR,PI,50,V
F53L,PR,PI,53,L
F53Y,PR,PI,53,Y
I54A,PR,PI,54,A
I54L,PR,PI,54,L
I54M,PR,PI,54,M
I54S,PR,PI,54,S
I54T,PR,PI,54,T
I54V,PR,PI,54,V
G73A,PR,PI,73,A
G73C,PR,PI,73,C
G73S,PR,PI,73,S
G73T,PR,PI,73,T
L76V,PR,PI,76,V
V82A,PR,PI,82,A
V82C,PR,PI,82,C
V82F,PR,PI,82,F
V82L,PR,PI,82,L
V82M,PR,PI,82,M
V82S,PR,PI,82,S
V82T,PR,PI,82,T
N83D,PR,PI,83,D
I84A,PR,PI,84,A
I84C,PR,PI,84,C
I84V,PR,PI,84,V
I85V,PR,PI,85,V
N88D,PR,PI,88,D
N88S,PR,PI,88,S
L90M,PR,PI,90,M
L100I,RT,NNRTI,100,I
K101E,RT,NNRTI,101,E
K101P,RT,NNRTI,101,P
K103N,RT,NNRTI,103,N
K103S,RT,NNRTI,103,S
V106A,RT,NNRTI,106,A
V106M,RT,NNRTI,106,M
V179F,RT,NNRTI,179,F
Y181C,RT,NNRTI,181,C
Y181I,RT,NNRTI,181,I
Y181V,RT,NNRTI,181,V
Y188C,RT,NNRTI,188,C
Y188H,RT,NNRTI,188,H
Y188L,RT,NNRTI,188,L
G190A,RT,NNRTI,190,A
G190E,RT,NNRTI,190,E
G190S,RT,NNRTI,190,S
P225H,RT,NNRTI,225,H
M230L,RT,NNRTI,230,L
M41L,RT,NRTI,41,L
K65R,RT,NRTI,65,R
D67E,RT,NRTI,67,E
D67G,RT,NRTI,67,G
D67N,RT,NRTI,67,N
T69D,RT,NRTI,69,D
T69ins,RT,NRTI,69,ins
K70E,RT,NRTI,70,E
K70R,RT,NRTI,70,R
L74I,RT,NRTI,74,I
L74V,RT,NRTI,74,V
V75A,RT,NRTI,75,A
V75M,RT,NRTI,75,M
V75S,RT,NRTI,75,S
V75T,RT,NRTI,75,T
F77L,RT,NRTI,77,L
Y115F,RT,NRTI,115,F
F116Y,RT,NRTI,116,Y
Q151M,RT,NRTI,151,M
M184I,RT,NRTI,184,I
M184V,RT,NRTI,184,V
L210W,RT,NRTI,210,W
T215C,RT,NRTI,215,C
T215D,RT,NRTI,215,D
T215E,RT,NRTI,215,E
T215F,RT,NRTI,215,F
T215I,RT,NRTI,215,I
T215S,RT,NRTI,215,S
T215V,RT,NRTI,215,V
T215Y,RT,NRTI,215,Y
K219E,RT,NRTI,219,E
K219N,RT,NRTI,219,N
K219Q,RT,NRTI,219,Q
K219R,RT,NRTI,219,R
T66A,IN,INSTI,66,A
T66I,IN,INSTI,66,I
T66K,IN,INSTI,66,K
E92G,IN,INSTI,92,G
E92Q,IN,INSTI,92,Q
G118R,IN,INSTI,118,R
F121Y,IN,INSTI,121,Y
E138A,IN,INSTI,138,A
E138K,IN,INSTI,138,K
E138T,IN,INSTI,138,T
G140A,IN,INSTI,140,A
G140C,IN,INSTI,140,C
G140S,IN,INSTI,140,S
Y143C,IN,INSTI,143,C
Y143H,IN,INSTI,143,H
Y143R,IN,INSTI,143,R
Y143S,IN,INSTI,143,S
S147G,IN,INSTI,147,G
Q148H,IN,INSTI,148,H
Q148K,IN,INSTI,148,K
Q148R,IN,INSTI,148,R
N155H,IN,INSTI,155,H
S230R,IN,INSTI,230,R
R263K,IN,INSTI,263,K
