ref_name,isolate_name,gene,mutation,position,amino_acid,is_mixture
Cuevas09,X2454_1,PR,PR:T12A,12,A,0
Cuevas09,X2454_1,PR,PR:E35D,35,D,0
Cuevas09,X2454_1,PR,PR:N37D,37,D,0
Cuevas09,X2454_1,PR,PR:R57K,57,K,0
Cuevas09,X2454_1,PR,PR:L63P,63,P,0
Cuevas09,X2454_1,PR,PR:V77I,77,I,1
Cuevas09,X2454_1,PR,PR:I93L,93,L,0
Cuevas09,X2456_1,PR,PR:I13V,13,V,0
Cuevas09,X2456_1,PR,PR:I15V,15,V,0
Cuevas09,X2456_1,PR,PR:K20I,20,I,0
Cuevas09,X2456_1,PR,PR:E35D,35,D,0
Cuevas09,X2456_1,PR,PR:M36I,36,I,0
Cuevas09,X2456_1,PR,PR:R41K,41,K,0
Cuevas09,X2456_1,PR,PR:I64M,64,M,0
Cuevas09,X2456_1,PR,PR:H69K,69,K,0
Cuevas09,X2456_1,PR,PR:V82I,82,I,0
Cuevas09,X2456_1,PR,PR:L89M,89,M,0
Cuevas09,X2457_1,PR,PR:I13V,13,V,0
Cuevas09,X2457_1,PR,PR:K14I,14,I,0
Cuevas09,X2457_1,PR,PR:I15V,15,V,0
Cuevas09,X2457_1,PR,PR:L19I,19,I,0
Cuevas09,X2457_1,PR,PR:M36I,36,I,0
Cuevas09,X2457_1,PR,PR:R41K,41,K,0
Cuevas09,X2457_1,PR,PR:I64V,64,V,0
Cuevas09,X2457_1,PR,PR:H69K,69,K,0
Cuevas09,X2459_1,PR,PR:L10I,10,I,0
Cuevas09,X2459_1,PR,PR:I13V,13,V,0
Cuevas09,X2459_1,PR,PR:M36I,36,I,0
Cuevas09,X2459_1,PR,PR:R41K,41,K,0
Cuevas09,X2459_1,PR,PR:D60E,60,E,0
Cuevas09,X2459_1,PR,PR:I62V,62,V,0
Cuevas09,X2459_1,PR,PR:L63A,63,A,0
Cuevas09,X2459_1,PR,PR:I64M,64,M,0
Cuevas09,X2465_1,PR,PR:L10V,10,V,0
Cuevas09,X2465_1,PR,PR:I13V,13,V,0
Cuevas09,X2465_1,PR,PR:G17E,17,E,0
Cuevas09,X2465_1,PR,PR:K20I,20,I,0
Cuevas09,X2465_1,PR,PR:M36I,36,I,0
Cuevas09,X2465_1,PR,PR:P39L,39,L,0
Cuevas09,X2465_1,PR,PR:R41K,41,K,0
Cuevas09,X2465_1,PR,PR:I64M,64,M,0
Cuevas09,X2465_1,PR,PR:H69K,69,K,0
Cuevas09,X2465_1,PR,PR:K70R,70,R,0
Cuevas09,X2465_1,PR,PR:L89M,89,M,0
Cuevas09,X2466_1,PR,PR:E35D,35,D,0
Cuevas09,X2466_1,PR,PR:N37S,37,S,0
Cuevas09,X2466_1,PR,PR:L63P,63,P,0
Cuevas09,X2468_1,PR,PR:I15V,15,V,0
Cuevas09,X2468_1,PR,PR:E35D,35,D,0
Cuevas09,X2468_1,PR,PR:N37D,37,D,0
Cuevas09,X2468_1,PR,PR:R57K,57,K,0
Cuevas09,X2468_1,PR,PR:L63T,63,T,0
Cuevas09,X2468_1,PR,PR:I64M,64,M,0
Cuevas09,X2468_1,PR,PR:A71V,71,V,0
Cuevas09,X2468_1,PR,PR:I72T,72,T,0
Cuevas09,X2468_1,PR,PR:P79S,79,S,0
Cuevas09,X2468_1,PR,PR:I93L,93,L,0
Cuevas09,X2469_1,PR,PR:G17S,17,S,1
Cuevas09,X2469_1,PR,PR:L19V,19,V,0
Cuevas09,X2469_1,PR,PR:M36I,36,I,0
Cuevas09,X2469_1,PR,PR:L63V,63,V,0
Cuevas09,X2469_1,PR,PR:H69K,69,K,0
Cuevas09,X2469_1,PR,PR:I72V,72,V,0
Cuevas09,X2469_1,PR,PR:L89M,89,M,0
Cuevas09,X2469_1,PR,PR:I93L,93,L,0
Cuevas09,X2473_1,PR,PR:E35D,35,D,0
Cuevas09,X2473_1,PR,PR:M36I,36,I,0
Cuevas09,X2473_1,PR,PR:I62V,62,V,0
Cuevas09,X2473_1,PR,PR:L63P,63,P,0
Cuevas09,X2473_1,PR,PR:H69Q,69,Q,0
Cuevas09,X2473_1,PR,PR:V82I,82,I,0
Cuevas09,X2474_1,PR,PR:I15V,15,V,0
Cuevas09,X2474_1,PR,PR:L63P,63,P,0
Cuevas09,X2474_1,PR,PR:H69K,69,K,1
Cuevas09,X2474_1,PR,PR:H69Q,69,Q,1
Cuevas09,X2474_1,PR,PR:I93L,93,L,0
Cuevas09,X2486_1,PR,PR:I13V,13,V,0
Cuevas09,X2486_1,PR,PR:K20I,20,I,0
Cuevas09,X2486_1,PR,PR:E35D,35,D,0
Cuevas09,X2486_1,PR,PR:M36I,36,I,0
Cuevas09,X2486_1,PR,PR:R41K,41,K,0
Cuevas09,X2486_1,PR,PR:H69K,69,K,0
Cuevas09,X2486_1,PR,PR:V82I,82,I,0
Cuevas09,X2486_1,PR,PR:L89M,89,M,0
Cuevas09,X2493_1,PR,PR:I13V,13,V,0
Cuevas09,X2493_1,PR,PR:K20I,20,I,0
Cuevas09,X2493_1,PR,PR:E35D,35,D,0
Cuevas09,X2493_1,PR,PR:M36I,36,I,0
Cuevas09,X2493_1,PR,PR:R41K,41,K,0
Cuevas09,X2493_1,PR,PR:R57K,57,K,0
Cuevas09,X2493_1,PR,PR:L63P,63,P,0
Cuevas09,X2493_1,PR,PR:H69K,69,K,0
Cuevas09,X2493_1,PR,PR:A71V,71,V,0
Cuevas09,X2493_1,PR,PR:V82I,82,I,0
Cuevas09,X2493_1,PR,PR:L89M,89,M,0
Cuevas09,X2493_1,PR,PR:Q92E,92,E,0
Cuevas09,X2494_1,PR,PR:I15V,15,V,0
Cuevas09,X2494_1,PR,PR:E35D,35,D,0
Cuevas09,X2494_1,PR,PR:N37E,37,E,0
Cuevas09,X2494_1,PR,PR:D60E,60,E,0
Cuevas09,X2496_1,PR,PR:T12V,12,V,0
Cuevas09,X2496_1,PR,PR:E35D,35,D,0
Cuevas09,X2496_1,PR,PR:R41K,41,K,1
Cuevas09,X2496_1,PR,PR:R57K,57,K,0
Cuevas09,X2496_1,PR,PR:I62V,62,V,0
Cuevas09,X2496_1,PR,PR:L63A,63,A,0
Cuevas09,X2509_1,PR,PR:T12V,12,V,0
Cuevas09,X2509_1,PR,PR:I15V,15,V,0
Cuevas09,X2509_1,PR,PR:E35D,35,D,0
Cuevas09,X2509_1,PR,PR:R57K,57,K,0
Cuevas09,X2509_1,PR,PR:I62V,62,V,0
Cuevas09,X2509_1,PR,PR:L63A,63,A,0
Cuevas09,X2510_1,PR,PR:E35D,35,D,0
Cuevas09,X2510_1,PR,PR:N37D,37,D,0
Cuevas09,X2510_1,PR,PR:I62V,62,V,0
Cuevas09,X2510_1,PR,PR:L63S,63,S,0
Cuevas09,X2510_1,PR,PR:Q92K,92,K,0
Cuevas09,X2511_1,PR,PR:I15V,15,V,0
Cuevas09,X2511_1,PR,PR:M36I,36,I,0
Cuevas09,X2511_1,PR,PR:R41K,41,K,0
Cuevas09,X2511_1,PR,PR:I62V,62,V,0
Cuevas09,X2511_1,PR,PR:L63P,63,P,1
Cuevas09,X2512_1,PR,PR:I13V,13,V,0
Cuevas09,X2512_1,PR,PR:K14R,14,R,0
Cuevas09,X2512_1,PR,PR:K20I,20,I,0
Cuevas09,X2512_1,PR,PR:M36I,36,I,0
Cuevas09,X2512_1,PR,PR:R41K,41,K,0
Cuevas09,X2512_1,PR,PR:H69K,69,K,0
Cuevas09,X2512_1,PR,PR:K70R,70,R,0
Cuevas09,X2512_1,PR,PR:L89M,89,M,0
Cuevas09,X2513_1,PR,PR:L10S,10,S,0
Cuevas09,X2513_1,PR,PR:T12P,12,P,0
Cuevas09,X2513_1,PR,PR:L63V,63,V,0
Cuevas09,X2513_1,PR,PR:I64V,64,V,0
Cuevas09,X2515_2,PR,PR:E35D,35,D,0
Cuevas09,X2515_2,PR,PR:N37E,37,E,0
Cuevas09,X2515_2,PR,PR:Q58E,58,E,0
Cuevas09,X2515_2,PR,PR:D60E,60,E,0
Cuevas09,X2515_2,PR,PR:L63P,63,P,0
Cuevas09,X2515_2,PR,PR:C67S,67,S,0
Cuevas09,X2515_2,PR,PR:I72V,72,V,0
Cuevas09,X2520_1,PR,PR:I15V,15,V,0
Cuevas09,X2520_1,PR,PR:G16E,16,E,0
Cuevas09,X2520_1,PR,PR:K20M,20,M,0
Cuevas09,X2520_1,PR,PR:E35D,35,D,0
Cuevas09,X2520_1,PR,PR:M36I,36,I,0
Cuevas09,X2520_1,PR,PR:P39S,39,S,0
Cuevas09,X2520_1,PR,PR:L63Q,63,Q,0
Cuevas09,X2520_1,PR,PR:I64V,64,V,0
Cuevas09,X2521_1,PR,PR:I13V,13,V,0
Cuevas09,X2521_1,PR,PR:E35D,35,D,0
Cuevas09,X2521_1,PR,PR:N37E,37,E,0
Cuevas09,X2521_1,PR,PR:R41K,41,K,0
Cuevas09,X2521_1,PR,PR:D60E,60,E,0
Cuevas09,X2521_1,PR,PR:L63P,63,P,0
Cuevas09,X2521_1,PR,PR:C67Y,67,Y,0
Cuevas09,X2521_1,PR,PR:A71V,71,V,0
Cuevas09,X2521_1,PR,PR:I72L,72,L,0
Cuevas09,X2521_1,PR,PR:I93L,93,L,0
Cuevas09,X2524_1,PR,PR:L10I,10,I,0
Cuevas09,X2524_1,PR,PR:I13V,13,V,0
Cuevas09,X2524_1,PR,PR:I15V,15,V,0
Cuevas09,X2524_1,PR,PR:E35D,35,D,0
Cuevas09,X2524_1,PR,PR:M36I,36,I,0
Cuevas09,X2524_1,PR,PR:R41K,41,K,0
Cuevas09,X2524_1,PR,PR:R57K,57,K,0
Cuevas09,X2524_1,PR,PR:Q61N,61,N,0
Cuevas09,X2524_1,PR,PR:C67D,67,D,0
Cuevas09,X2524_1,PR,PR:I72V,72,V,0
Cuevas09,X2527_1,PR,PR:T12S,12,S,0
Cuevas09,X2527_1,PR,PR:I15V,15,V,0
Cuevas09,X2527_1,PR,PR:L19I,19,I,0
Cuevas09,X2527_1,PR,PR:K20R,20,R,0
Cuevas09,X2527_1,PR,PR:E35D,35,D,0
Cuevas09,X2527_1,PR,PR:M36I,36,I,0
Cuevas09,X2527_1,PR,PR:R41K,41,K,0
Cuevas09,X2527_1,PR,PR:K45R,45,R,0
Cuevas09,X2527_1,PR,PR:Q61E,61,E,0
Cuevas09,X2527_1,PR,PR:H69K,69,K,0
Cuevas09,X2527_1,PR,PR:T74S,74,S,0
Cuevas09,X2527_1,PR,PR:L89M,89,M,0
Cuevas09,X2527_1,PR,PR:I93L,93,L,0
Cuevas09,X2528_1,PR,PR:T12S,12,S,0
Cuevas09,X2528_1,PR,PR:I15V,15,V,0
Cuevas09,X2528_1,PR,PR:L19I,19,I,0
Cuevas09,X2528_1,PR,PR:P39Q,39,Q,0
Cuevas09,X2528_1,PR,PR:L63P,63,P,0
Cuevas09,X2529_1,PR,PR:I13V,13,V,0
Cuevas09,X2529_1,PR,PR:G17E,17,E,0
Cuevas09,X2529_1,PR,PR:E35D,35,D,0
Cuevas09,X2529_1,PR,PR:N37E,37,E,0
Cuevas09,X2529_1,PR,PR:D60E,60,E,0
Cuevas09,X2529_1,PR,PR:L63P,63,P,0
Cuevas09,X2529_1,PR,PR:A71V,71,V,0
Cuevas09,X2529_1,PR,PR:I72L,72,L,0
Cuevas09,X2529_1,PR,PR:I93L,93,L,0
Cuevas09,X2534_1,PR,PR:T12P,12,P,0
Cuevas09,X2534_1,PR,PR:K14R,14,R,0
Cuevas09,X2534_1,PR,PR:E35D,35,D,0
Cuevas09,X2534_1,PR,PR:R41K,41,K,0
Cuevas09,X2534_1,PR,PR:L63P,63,P,0
Cuevas09,X2534_1,PR,PR:A71V,71,V,0
Cuevas09,X2534_1,PR,PR:P79S,79,S,0
Cuevas09,X2534_1,PR,PR:I93L,93,L,0
Cuevas09,X2545_1,PR,PR:T12S,12,S,0
Cuevas09,X2545_1,PR,PR:K20R,20,R,0
Cuevas09,X2545_1,PR,PR:M36I,36,I,0
Cuevas09,X2545_1,PR,PR:R57K,57,K,0
Cuevas09,X2545_1,PR,PR:Q61E,61,E,0
Cuevas09,X2545_1,PR,PR:L63P,63,P,0
Cuevas09,X2545_1,PR,PR:I93L,93,L,0
Cuevas09,X2546_1,PR,PR:T12S,12,S,0
Cuevas09,X2546_1,PR,PR:I15V,15,V,0
Cuevas09,X2546_1,PR,PR:L19I,19,I,0
Cuevas09,X2546_1,PR,PR:M36I,36,I,0
Cuevas09,X2546_1,PR,PR:R41K,41,K,0
Cuevas09,X2546_1,PR,PR:L63S,63,S,1
Cuevas09,X2546_1,PR,PR:L63T,63,T,1
Cuevas09,X2546_1,PR,PR:H69K,69,K,0
Cuevas09,X2546_1,PR,PR:L89M,89,M,0
Cuevas09,X2546_1,PR,PR:I93L,93,L,0
Cuevas09,X2547_1,PR,PR:T12S,12,S,0
Cuevas09,X2547_1,PR,PR:I15V,15,V,0
Cuevas09,X2547_1,PR,PR:L19I,19,I,0
Cuevas09,X2547_1,PR,PR:E35D,35,D,0
Cuevas09,X2547_1,PR,PR:M36I,36,I,0
Cuevas09,X2547_1,PR,PR:N37D,37,D,0
Cuevas09,X2547_1,PR,PR:R41K,41,K,0
Cuevas09,X2547_1,PR,PR:Q61A,61,A,0
Cuevas09,X2547_1,PR,PR:L63S,63,S,0
Cuevas09,X2547_1,PR,PR:H69K,69,K,0
Cuevas09,X2547_1,PR,PR:L89M,89,M,0
Cuevas09,X2547_1,PR,PR:I93L,93,L,0
Cuevas09,X2548_1,PR,PR:I13V,13,V,0
Cuevas09,X2548_1,PR,PR:I15V,15,V,0
Cuevas09,X2548_1,PR,PR:L19I,19,I,0
Cuevas09,X2548_1,PR,PR:L63H,63,H,0
Cuevas09,X2549_1,PR,PR:M36I,36,I,0
Cuevas09,X2549_1,PR,PR:I62V,62,V,0
Cuevas09,X2549_1,PR,PR:L63P,63,P,0
Cuevas09,X2550_1,PR,PR:T12A,12,A,0
Cuevas09,X2550_1,PR,PR:I15V,15,V,0
Cuevas09,X2550_1,PR,PR:E35D,35,D,0
Cuevas09,X2550_1,PR,PR:R57K,57,K,0
Cuevas09,X2550_1,PR,PR:I62V,62,V,0
Cuevas09,X2550_1,PR,PR:L63A,63,A,0
Cuevas09,X2551_1,PR,PR:T12A,12,A,0
Cuevas09,X2551_1,PR,PR:I15V,15,V,0
Cuevas09,X2551_1,PR,PR:E35D,35,D,0
Cuevas09,X2551_1,PR,PR:R57K,57,K,0
Cuevas09,X2551_1,PR,PR:I62V,62,V,0
Cuevas09,X2551_1,PR,PR:L63A,63,A,0
Cuevas09,X2553_1,PR,PR:T12S,12,S,0
Cuevas09,X2553_1,PR,PR:K20R,20,R,0
Cuevas09,X2553_1,PR,PR:M36I,36,I,0
Cuevas09,X2553_1,PR,PR:R57K,57,K,0
Cuevas09,X2553_1,PR,PR:Q61E,61,E,0
Cuevas09,X2553_1,PR,PR:L63P,63,P,0
Cuevas09,X2553_1,PR,PR:I93L,93,L,0
Cuevas09,X2555_1,PR,PR:T12E,12,E,0
Cuevas09,X2555_1,PR,PR:R57K,57,K,0
Cuevas09,X2555_1,PR,PR:L63P,63,P,0
Cuevas09,X2555_1,PR,PR:E65D,65,D,0
Cuevas09,X2557_1,PR,PR:I15V,15,V,0
Cuevas09,X2557_1,PR,PR:E35D,35,D,0
Cuevas09,X2557_1,PR,PR:M36I,36,I,0
Cuevas09,X2557_1,PR,PR:R41K,41,K,0
Cuevas09,X2557_1,PR,PR:L63Q,63,Q,0
Cuevas09,X2557_1,PR,PR:I64V,64,V,0
Cuevas09,X2558_1,PR,PR:I15V,15,V,0
Cuevas09,X2558_1,PR,PR:L19T,19,T,0
Cuevas09,X2558_1,PR,PR:N37S,37,S,0
Cuevas09,X2558_1,PR,PR:L63I,63,I,0
Cuevas09,X2564_1,PR,PR:T12A,12,A,0
Cuevas09,X2564_1,PR,PR:K14R,14,R,0
Cuevas09,X2564_1,PR,PR:I15V,15,V,0
Cuevas09,X2564_1,PR,PR:N37S,37,S,0
Cuevas09,X2564_1,PR,PR:L63E,63,E,0
Cuevas09,X2568_1,PR,PR:L10I,10,I,0
Cuevas09,X2568_1,PR,PR:I15V,15,V,0
Cuevas09,X2568_1,PR,PR:E35D,35,D,0
Cuevas09,X2568_1,PR,PR:N37D,37,D,0
Cuevas09,X2568_1,PR,PR:L63T,63,T,0
Cuevas09,X2568_1,PR,PR:I64M,64,M,0
Cuevas09,X2568_1,PR,PR:A71V,71,V,0
Cuevas09,X2568_1,PR,PR:I72A,72,A,0
Cuevas09,X2568_1,PR,PR:P79S,79,S,0
Cuevas09,X2568_1,PR,PR:I93L,93,L,0
Cuevas09,X2570_1,PR,PR:Q61E,61,E,0
Cuevas09,X2570_1,PR,PR:L63P,63,P,0
Cuevas09,X2570_1,PR,PR:I72M,72,M,1
Cuevas09,X2572_1,PR,PR:L10I,10,I,0
Cuevas09,X2572_1,PR,PR:I13V,13,V,0
Cuevas09,X2572_1,PR,PR:I15V,15,V,0
Cuevas09,X2572_1,PR,PR:E35D,35,D,0
Cuevas09,X2572_1,PR,PR:M36I,36,I,0
Cuevas09,X2572_1,PR,PR:R41K,41,K,0
Cuevas09,X2572_1,PR,PR:R57K,57,K,0
Cuevas09,X2572_1,PR,PR:Q61N,61,N,0
Cuevas09,X2572_1,PR,PR:C67D,67,D,0
Cuevas09,X2572_1,PR,PR:I72V,72,V,0
Cuevas09,X2573_1,PR,PR:T12V,12,V,0
Cuevas09,X2573_1,PR,PR:I15V,15,V,0
Cuevas09,X2573_1,PR,PR:E35D,35,D,0
Cuevas09,X2573_1,PR,PR:R57K,57,K,0
Cuevas09,X2573_1,PR,PR:I62V,62,V,0
Cuevas09,X2573_1,PR,PR:L63A,63,A,0
Cuevas09,X2574_1,PR,PR:T12V,12,V,0
Cuevas09,X2574_1,PR,PR:I15V,15,V,0
Cuevas09,X2574_1,PR,PR:E35D,35,D,0
Cuevas09,X2574_1,PR,PR:R57K,57,K,0
Cuevas09,X2574_1,PR,PR:I62V,62,V,0
Cuevas09,X2574_1,PR,PR:L63A,63,A,0
Cuevas09,X2576_1,PR,PR:E35D,35,D,0
Cuevas09,X2576_1,PR,PR:M36I,36,I,0
Cuevas09,X2576_1,PR,PR:Q61E,61,E,0
Cuevas09,X2576_1,PR,PR:I62V,62,V,0
Cuevas09,X2576_1,PR,PR:L63P,63,P,0
Cuevas09,X2576_1,PR,PR:H69Q,69,Q,0
Cuevas09,X2576_1,PR,PR:V82I,82,I,0
Cuevas09,X2577_1,PR,PR:I13V,13,V,0
Cuevas09,X2577_1,PR,PR:I15V,15,V,0
Cuevas09,X2577_1,PR,PR:E35D,35,D,0
Cuevas09,X2577_1,PR,PR:N37S,37,S,0
Cuevas09,X2577_1,PR,PR:R41K,41,K,0
Cuevas09,X2577_1,PR,PR:I62V,62,V,0
Cuevas09,X2577_1,PR,PR:I64V,64,V,0
Cuevas09,X2578_1,PR,PR:T12S,12,S,0
Cuevas09,X2578_1,PR,PR:I15V,15,V,0
Cuevas09,X2578_1,PR,PR:L19T,19,T,0
Cuevas09,X2578_1,PR,PR:N37S,37,S,0
Cuevas09,X2578_1,PR,PR:L63S,63,S,0
Cuevas09,X2592_1,PR,PR:E35D,35,D,0
Cuevas09,X2592_1,PR,PR:M36I,36,I,0
Cuevas09,X2592_1,PR,PR:R41K,41,K,0
Cuevas09,X2592_1,PR,PR:R57K,57,K,0
Cuevas09,X2592_1,PR,PR:Q61N,61,N,0
Cuevas09,X2592_1,PR,PR:L63A,63,A,0
Cuevas09,X2592_1,PR,PR:L89M,89,M,0
Cuevas09,X2592_1,PR,PR:I93L,93,L,0
Cuevas09,X2595_1,PR,PR:E35D,35,D,0
Cuevas09,X2595_1,PR,PR:M36I,36,I,0
Cuevas09,X2595_1,PR,PR:L63P,63,P,0
Cuevas09,X2597_1,PR,PR:N37C,37,C,0
Cuevas09,X2597_1,PR,PR:I62V,62,V,0
Cuevas09,X2597_1,PR,PR:L63S,63,S,0
Cuevas09,X2597_1,PR,PR:A71V,71,V,0
Cuevas09,X2597_1,PR,PR:V77I,77,I,0
Cuevas09,X2597_1,PR,PR:I93L,93,L,0
Cuevas09,X2607_1,PR,PR:I15V,15,V,0
Cuevas09,X2607_1,PR,PR:E35D,35,D,0
Cuevas09,X2607_1,PR,PR:N37H,37,H,0
Cuevas09,X2607_1,PR,PR:R41K,41,K,0
Cuevas09,X2607_1,PR,PR:I62V,62,V,0
Cuevas09,X2607_1,PR,PR:V77I,77,I,0
Cuevas09,X2607_1,PR,PR:V82I,82,I,0
Cuevas09,X2607_1,PR,PR:I93L,93,L,0
Cuevas09,X2613_1,PR,PR:R41K,41,K,0
Cuevas09,X2613_1,PR,PR:I62V,62,V,0
Cuevas09,X2613_1,PR,PR:L63S,63,S,0
Cuevas09,X2613_1,PR,PR:I64L,64,L,0
Cuevas09,X2613_1,PR,PR:V77I,77,I,0
Cuevas09,X2613_1,PR,PR:I93L,93,L,0
Cuevas09,X2618_1,PR,PR:T12A,12,A,0
Cuevas09,X2618_1,PR,PR:K14R,14,R,0
Cuevas09,X2618_1,PR,PR:I15V,15,V,0
Cuevas09,X2618_1,PR,PR:N37S,37,S,0
Cuevas09,X2618_1,PR,PR:L63E,63,E,0
Cuevas09,X2619_1,PR,PR:T12A,12,A,0
Cuevas09,X2619_1,PR,PR:I15V,15,V,0
Cuevas09,X2619_1,PR,PR:E35D,35,D,0
Cuevas09,X2619_1,PR,PR:R57K,57,K,0
Cuevas09,X2619_1,PR,PR:I62V,62,V,0
Cuevas09,X2619_1,PR,PR:L63A,63,A,0
Cuevas09,X2620_1,PR,PR:I15V,15,V,0
Cuevas09,X2620_1,PR,PR:E35D,35,D,0
Cuevas09,X2620_1,PR,PR:N37E,37,E,0
Cuevas09,X2620_1,PR,PR:L63C,63,C,0
Cuevas09,X2620_1,PR,PR:I72T,72,T,1
Cuevas09,X2622_2,PR,PR:I13V,13,V,0
Cuevas09,X2622_2,PR,PR:I15V,15,V,0
Cuevas09,X2622_2,PR,PR:E35D,35,D,0
Cuevas09,X2622_2,PR,PR:L89M,89,M,0
Cuevas09,X2624_1,PR,PR:T12A,12,A,0
Cuevas09,X2624_1,PR,PR:E35D,35,D,0
Cuevas09,X2624_1,PR,PR:N37S,37,S,0
Cuevas09,X2624_1,PR,PR:R57K,57,K,0
Cuevas09,X2624_1,PR,PR:I62V,62,V,0
Cuevas09,X2624_1,PR,PR:L63P,63,P,0
Cuevas09,X2629_1,PR,PR:Q18E,18,E,0
Cuevas09,X2629_1,PR,PR:I62V,62,V,0
Cuevas09,X2629_1,PR,PR:L63P,63,P,0
Cuevas09,X2629_1,PR,PR:V77I,77,I,0
Cuevas09,X2629_1,PR,PR:I93L,93,L,0
Cuevas09,X2631_1,PR,PR:I13V,13,V,0
Cuevas09,X2631_1,PR,PR:E35D,35,D,0
Cuevas09,X2631_1,PR,PR:N37E,37,E,0
Cuevas09,X2631_1,PR,PR:R41K,41,K,0
Cuevas09,X2631_1,PR,PR:D60E,60,E,0
Cuevas09,X2631_1,PR,PR:L63P,63,P,0
Cuevas09,X2631_1,PR,PR:A71V,71,V,0
Cuevas09,X2631_1,PR,PR:I72L,72,L,0
Cuevas09,X2631_1,PR,PR:I93L,93,L,0
Cuevas09,X2632_1,PR,PR:L10V,10,V,0
Cuevas09,X2632_1,PR,PR:E35D,35,D,0
Cuevas09,X2632_1,PR,PR:M36I,36,I,0
Cuevas09,X2632_1,PR,PR:R41K,41,K,0
Cuevas09,X2632_1,PR,PR:R57K,57,K,0
Cuevas09,X2632_1,PR,PR:Q61N,61,N,0
Cuevas09,X2632_1,PR,PR:L63S,63,S,0
Cuevas09,X2632_1,PR,PR:E65D,65,D,0
Cuevas09,X2632_1,PR,PR:L89M,89,M,0
Cuevas09,X2634_1,PR,PR:I13V,13,V,0
Cuevas09,X2634_1,PR,PR:K20I,20,I,0
Cuevas09,X2634_1,PR,PR:E35D,35,D,0
Cuevas09,X2634_1,PR,PR:M36I,36,I,0
Cuevas09,X2634_1,PR,PR:R41K,41,K,0
Cuevas09,X2634_1,PR,PR:R57K,57,K,0
Cuevas09,X2634_1,PR,PR:H69K,69,K,0
Cuevas09,X2634_1,PR,PR:K70R,70,R,0
Cuevas09,X2634_1,PR,PR:V82I,82,I,0
Cuevas09,X2634_1,PR,PR:L89M,89,M,0
Cuevas09,X2642_1,PR,PR:I15V,15,V,0
Cuevas09,X2642_1,PR,PR:E35D,35,D,0
Cuevas09,X2642_1,PR,PR:N37D,37,D,0
Cuevas09,X2642_1,PR,PR:L63C,63,C,0
Cuevas09,X2650_1,PR,PR:K14R,14,R,0
Cuevas09,X2650_1,PR,PR:P39S,39,S,0
Cuevas09,X2650_1,PR,PR:R41K,41,K,0
Cuevas09,X2650_1,PR,PR:K45R,45,R,0
Cuevas09,X2650_1,PR,PR:L63P,63,P,0
Cuevas09,X2650_1,PR,PR:E65D,65,D,0
Cuevas09,X2650_1,PR,PR:A71V,71,V,0
Cuevas09,X2650_1,PR,PR:V77I,77,I,0
Cuevas09,X2650_1,PR,PR:I93L,93,L,0
Cuevas09,X2654_1,PR,PR:G17D,17,D,0
Cuevas09,X2654_1,PR,PR:N37S,37,S,0
Cuevas09,X2654_1,PR,PR:L63R,63,R,0
Cuevas09,X2654_1,PR,PR:I64V,64,V,0
Cuevas09,X2654_1,PR,PR:K70I,70,I,0
Cuevas09,X2654_1,PR,PR:V77I,77,I,0
Cuevas09,X2657_1,PR,PR:E35D,35,D,0
Cuevas09,X2657_1,PR,PR:M36I,36,I,0
Cuevas09,X2657_1,PR,PR:R41K,41,K,0
Cuevas09,X2657_1,PR,PR:R57K,57,K,0
Cuevas09,X2657_1,PR,PR:Q61N,61,N,0
Cuevas09,X2657_1,PR,PR:L63A,63,A,0
Cuevas09,X2657_1,PR,PR:L89M,89,M,0
Cuevas09,X2657_1,PR,PR:I93L,93,L,0
Cuevas09,X2658_1,PR,PR:I15V,15,V,0
Cuevas09,X2658_1,PR,PR:K20M,20,M,0
Cuevas09,X2658_1,PR,PR:E35D,35,D,0
Cuevas09,X2658_1,PR,PR:M36I,36,I,0
Cuevas09,X2658_1,PR,PR:L63Q,63,Q,0
Cuevas09,X2658_1,PR,PR:I64V,64,V,0
Cuevas09,X2676_1,PR,PR:I13V,13,V,0
Cuevas09,X2676_1,PR,PR:K14R,14,R,0
Cuevas09,X2676_1,PR,PR:I15V,15,V,0
Cuevas09,X2676_1,PR,PR:K20I,20,I,0
Cuevas09,X2676_1,PR,PR:E35D,35,D,0
Cuevas09,X2676_1,PR,PR:M36I,36,I,0
Cuevas09,X2676_1,PR,PR:R41K,41,K,0
Cuevas09,X2676_1,PR,PR:H69K,69,K,0
Cuevas09,X2676_1,PR,PR:K70R,70,R,0
Cuevas09,X2676_1,PR,PR:V82I,82,I,0
Cuevas09,X2676_1,PR,PR:L89M,89,M,0
Cuevas09,X2676_1,PR,PR:F99L,99,L,0
Cuevas09,X2677_1,PR,PR:I13V,13,V,0
Cuevas09,X2677_1,PR,PR:K14R,14,R,0
Cuevas09,X2677_1,PR,PR:K20I,20,I,0
Cuevas09,X2677_1,PR,PR:E35D,35,D,0
Cuevas09,X2677_1,PR,PR:M36I,36,I,0
Cuevas09,X2677_1,PR,PR:R41K,41,K,0
Cuevas09,X2677_1,PR,PR:H69K,69,K,0
Cuevas09,X2677_1,PR,PR:K70R,70,R,0
Cuevas09,X2677_1,PR,PR:V82I,82,I,0
Cuevas09,X2677_1,PR,PR:L89M,89,M,0
Cuevas09,X2682_1,PR,PR:I15V,15,V,0
Cuevas09,X2682_1,PR,PR:E35D,35,D,0
Cuevas09,X2682_1,PR,PR:L63P,63,P,0
Cuevas09,X2682_1,PR,PR:I93L,93,L,0
Cuevas09,X2684_1,PR,PR:T12V,12,V,0
Cuevas09,X2684_1,PR,PR:I15V,15,V,0
Cuevas09,X2684_1,PR,PR:E35D,35,D,0
Cuevas09,X2684_1,PR,PR:R57K,57,K,0
Cuevas09,X2684_1,PR,PR:I62V,62,V,0
Cuevas09,X2684_1,PR,PR:L63A,63,A,0
Cuevas09,X2685_1,PR,PR:E35D,35,D,0
Cuevas09,X2685_1,PR,PR:M36I,36,I,1
Cuevas09,X2685_1,PR,PR:Q61E,61,E,0
Cuevas09,X2685_1,PR,PR:I62V,62,V,0
Cuevas09,X2685_1,PR,PR:L63P,63,P,0
Cuevas09,X2685_1,PR,PR:C67G,67,G,0
Cuevas09,X2685_1,PR,PR:H69Q,69,Q,0
Cuevas09,X2685_1,PR,PR:V82I,82,I,0
Cuevas09,X2686_1,PR,PR:E35D,35,D,0
Cuevas09,X2686_1,PR,PR:N37D,37,D,0
Cuevas09,X2686_1,PR,PR:I62V,62,V,0
Cuevas09,X2686_1,PR,PR:L63S,63,S,0
Cuevas09,X2687_1,PR,PR:L10V,10,V,0
Cuevas09,X2687_1,PR,PR:I13V,13,V,0
Cuevas09,X2687_1,PR,PR:G16E,16,E,0
Cuevas09,X2687_1,PR,PR:E35D,35,D,0
Cuevas09,X2687_1,PR,PR:M36I,36,I,0
Cuevas09,X2687_1,PR,PR:P39T,39,T,0
Cuevas09,X2687_1,PR,PR:R41K,41,K,0
Cuevas09,X2687_1,PR,PR:R57K,57,K,0
Cuevas09,X2687_1,PR,PR:D60E,60,E,0
Cuevas09,X2687_1,PR,PR:Q61N,61,N,0
Cuevas09,X2687_1,PR,PR:H69Y,69,Y,0
Cuevas09,X2687_1,PR,PR:I72T,72,T,0
Cuevas09,X2687_1,PR,PR:L89M,89,M,0
Cuevas09,X2688_1,PR,PR:T12S,12,S,0
Cuevas09,X2688_1,PR,PR:I15V,15,V,0
Cuevas09,X2688_1,PR,PR:L19I,19,I,0
Cuevas09,X2688_1,PR,PR:E35D,35,D,0
Cuevas09,X2688_1,PR,PR:M36I,36,I,0
Cuevas09,X2688_1,PR,PR:R41K,41,K,0
Cuevas09,X2688_1,PR,PR:D60E,60,E,0
Cuevas09,X2688_1,PR,PR:L63P,63,P,0
Cuevas09,X2688_1,PR,PR:H69K,69,K,0
Cuevas09,X2688_1,PR,PR:L89M,89,M,0
Cuevas09,X2688_1,PR,PR:I93L,93,L,0
Cuevas09,X2689_1,PR,PR:T12P,12,P,0
Cuevas09,X2689_1,PR,PR:K14R,14,R,0
Cuevas09,X2689_1,PR,PR:R41K,41,K,0
Cuevas09,X2689_1,PR,PR:L63V,63,V,0
Cuevas09,X2689_1,PR,PR:A71V,71,V,0
Cuevas09,X2689_1,PR,PR:I72M,72,M,0
Cuevas09,X2689_1,PR,PR:V77I,77,I,0
Cuevas09,X2689_1,PR,PR:I93L,93,L,0
Cuevas09,X2691_1,PR,PR:R57K,57,K,0
Cuevas09,X2691_1,PR,PR:L63P,63,P,0
Cuevas09,X2691_1,PR,PR:E65D,65,D,0
Cuevas09,X2692_1,PR,PR:I13V,13,V,0
Cuevas09,X2692_1,PR,PR:K20I,20,I,0
Cuevas09,X2692_1,PR,PR:E35D,35,D,0
Cuevas09,X2692_1,PR,PR:M36I,36,I,0
Cuevas09,X2692_1,PR,PR:R41K,41,K,0
Cuevas09,X2692_1,PR,PR:R57K,57,K,0
Cuevas09,X2692_1,PR,PR:L63P,63,P,0
Cuevas09,X2692_1,PR,PR:H69K,69,K,0
Cuevas09,X2692_1,PR,PR:V82I,82,I,0
Cuevas09,X2692_1,PR,PR:L89M,89,M,0
Cuevas09,X2693_1,PR,PR:I13V,13,V,0
Cuevas09,X2693_1,PR,PR:K14R,14,R,0
Cuevas09,X2693_1,PR,PR:L19P,19,P,0
Cuevas09,X2693_1,PR,PR:K20I,20,I,0
Cuevas09,X2693_1,PR,PR:E35D,35,D,0
Cuevas09,X2693_1,PR,PR:M36I,36,I,0
Cuevas09,X2693_1,PR,PR:R41K,41,K,0
Cuevas09,X2693_1,PR,PR:H69K,69,K,0
Cuevas09,X2693_1,PR,PR:V82I,82,I,0
Cuevas09,X2693_1,PR,PR:L89M,89,M,0
Cuevas09,X2694_1,PR,PR:R41K,41,K,0
Cuevas09,X2694_1,PR,PR:L63T,63,T,0
Cuevas09,X2694_1,PR,PR:A71I,71,I,1
Cuevas09,X2694_1,PR,PR:A71T,71,T,1
Cuevas09,X2694_1,PR,PR:I72T,72,T,0
Cuevas09,X2694_1,PR,PR:V77I,77,I,0
Cuevas09,X2694_1,PR,PR:I93L,93,L,0
Cuevas09,X2695_1,PR,PR:L19I,19,I,0
Cuevas09,X2695_1,PR,PR:K20R,20,R,0
Cuevas09,X2695_1,PR,PR:N37S,37,S,0
Cuevas09,X2695_1,PR,PR:I62V,62,V,0
Cuevas09,X2695_1,PR,PR:L63P,63,P,0
Cuevas09,X2695_1,PR,PR:I72T,72,T,0
Cuevas09,X2695_1,PR,PR:V77I,77,I,0
Cuevas09,X2695_1,PR,PR:I93L,93,L,0
Cuevas09,X2697_1,PR,PR:I13V,13,V,0
Cuevas09,X2697_1,PR,PR:N37S,37,S,0
Cuevas09,X2697_1,PR,PR:R41K,41,K,0
Cuevas09,X2697_1,PR,PR:L63P,63,P,0
Cuevas09,X2697_1,PR,PR:E65D,65,D,0
Cuevas09,X2697_1,PR,PR:H69K,69,K,0
Cuevas09,X2697_1,PR,PR:L89M,89,M,0
Cuevas09,X2697_1,PR,PR:I93L,93,L,0
Cuevas09,X2709_1,PR,PR:T12P,12,P,0
Cuevas09,X2709_1,PR,PR:K14R,14,R,0
Cuevas09,X2709_1,PR,PR:I15V,15,V,0
Cuevas09,X2709_1,PR,PR:L19I,19,I,0
Cuevas09,X2709_1,PR,PR:E35D,35,D,0
Cuevas09,X2709_1,PR,PR:N37D,37,D,0
Cuevas09,X2709_1,PR,PR:R41K,41,K,0
Cuevas09,X2709_1,PR,PR:L63P,63,P,0
Cuevas09,X2709_1,PR,PR:I93L,93,L,0
Cuevas09,X2711_1,PR,PR:K14R,14,R,0
Cuevas09,X2711_1,PR,PR:G16E,16,E,0
Cuevas09,X2711_1,PR,PR:K20R,20,R,0
Cuevas09,X2711_1,PR,PR:E35D,35,D,0
Cuevas09,X2711_1,PR,PR:M36I,36,I,0
Cuevas09,X2711_1,PR,PR:R41K,41,K,0
Cuevas09,X2711_1,PR,PR:K45R,45,R,0
Cuevas09,X2711_1,PR,PR:R57K,57,K,0
Cuevas09,X2711_1,PR,PR:L63A,63,A,0
Cuevas09,X2711_1,PR,PR:H69K,69,K,0
Cuevas09,X2711_1,PR,PR:L89M,89,M,0
Cuevas09,X2711_1,PR,PR:I93L,93,L,0
Cuevas09,X2712_1,PR,PR:E35D,35,D,0
Cuevas09,X2712_1,PR,PR:M36I,36,I,0
Cuevas09,X2712_1,PR,PR:K45R,45,R,0
Cuevas09,X2712_1,PR,PR:I62V,62,V,0
Cuevas09,X2712_1,PR,PR:L63A,63,A,0
Cuevas09,X2712_1,PR,PR:I64V,64,V,0
Cuevas09,X2713_1,PR,PR:Q18H,18,H,0
Cuevas09,X2713_1,PR,PR:M36I,36,I,0
Cuevas09,X2713_1,PR,PR:Q61E,61,E,0
Cuevas09,X2713_1,PR,PR:L63P,63,P,0
Cuevas09,X2713_1,PR,PR:I64V,64,V,0
Cuevas09,X2713_1,PR,PR:I72V,72,V,0
Cuevas09,X2713_1,PR,PR:I93L,93,L,0
Cuevas09,X2714_1,PR,PR:L10I,10,I,0
Cuevas09,X2714_1,PR,PR:G16E,16,E,0
Cuevas09,X2714_1,PR,PR:N37K,37,K,0
Cuevas09,X2714_1,PR,PR:I62V,62,V,0
Cuevas09,X2714_1,PR,PR:L63S,63,S,0
Cuevas09,X2714_1,PR,PR:V82A,82,A,0
Cuevas09,X2718_1,PR,PR:Q18H,18,H,0
Cuevas09,X2718_1,PR,PR:M36I,36,I,0
Cuevas09,X2718_1,PR,PR:Q61E,61,E,0
Cuevas09,X2718_1,PR,PR:L63P,63,P,0
Cuevas09,X2718_1,PR,PR:I64V,64,V,0
Cuevas09,X2718_1,PR,PR:I72V,72,V,0
Cuevas09,X2718_1,PR,PR:I93L,93,L,0
Cuevas09,X2719_1,PR,PR:I13V,13,V,0
Cuevas09,X2719_1,PR,PR:E35D,35,D,0
Cuevas09,X2719_1,PR,PR:N37E,37,E,0
Cuevas09,X2719_1,PR,PR:I64V,64,V,0
Cuevas09,X2720_1,PR,PR:I15V,15,V,0
Cuevas09,X2720_1,PR,PR:L19T,19,T,0
Cuevas09,X2720_1,PR,PR:E35D,35,D,0
Cuevas09,X2720_1,PR,PR:M36I,36,I,0
Cuevas09,X2720_1,PR,PR:K45R,45,R,0
Cuevas09,X2720_1,PR,PR:H69K,69,K,0
Cuevas09,X2720_1,PR,PR:L89M,89,M,0
Cuevas09,X2720_1,PR,PR:I93L,93,L,0
Cuevas09,X2721_1,PR,PR:I13V,13,V,0
Cuevas09,X2721_1,PR,PR:M36I,36,I,0
Cuevas09,X2721_1,PR,PR:P39S,39,S,0
Cuevas09,X2721_1,PR,PR:R41K,41,K,0
Cuevas09,X2721_1,PR,PR:D60E,60,E,0
Cuevas09,X2721_1,PR,PR:Q61E,61,E,0
Cuevas09,X2721_1,PR,PR:L63P,63,P,0
Cuevas09,X2721_1,PR,PR:H69K,69,K,0
Cuevas09,X2721_1,PR,PR:L89M,89,M,0
Cuevas09,X2721_1,PR,PR:I93L,93,L,0
Cuevas09,X2725_1,PR,PR:L10V,10,V,0
Cuevas09,X2725_1,PR,PR:K20R,20,R,0
Cuevas09,X2725_1,PR,PR:E35D,35,D,0
Cuevas09,X2725_1,PR,PR:M36I,36,I,0
Cuevas09,X2725_1,PR,PR:N37D,37,D,0
Cuevas09,X2725_1,PR,PR:R41K,41,K,0
Cuevas09,X2725_1,PR,PR:M46I,46,I,0
Cuevas09,X2725_1,PR,PR:I54V,54,V,0
Cuevas09,X2725_1,PR,PR:R57K,57,K,0
Cuevas09,X2725_1,PR,PR:Q61N,61,N,0
Cuevas09,X2725_1,PR,PR:I62V,62,V,0
Cuevas09,X2725_1,PR,PR:L63S,63,S,0
Cuevas09,X2725_1,PR,PR:A71V,71,V,0
Cuevas09,X2725_1,PR,PR:L76V,76,V,0
Cuevas09,X2725_1,PR,PR:V82A,82,A,0
Cuevas09,X2725_1,PR,PR:I93L,93,L,0
Cuevas09,X2726_1,PR,PR:I15V,15,V,0
Cuevas09,X2726_1,PR,PR:M36I,36,I,0
Cuevas09,X2726_1,PR,PR:I62V,62,V,0
Cuevas09,X2726_1,PR,PR:L63P,63,P,0
Cuevas09,X2454_1,RT,RT:I178M,178,M,0
Cuevas09,X2454_1,RT,RT:Q207E,207,E,0
Cuevas09,X2454_1,RT,RT:V245E,245,E,0
Cuevas09,X2454_1,RT,RT:V317A,317,A,0
Cuevas09,X2454_1,RT,RT:I326V,326,V,0
Cuevas09,X2454_1,RT,RT:I329L,329,L,0
Cuevas09,X2456_1,RT,RT:A98S,98,S,0
Cuevas09,X2456_1,RT,RT:I135L,135,L,0
Cuevas09,X2456_1,RT,RT:S162C,162,C,0
Cuevas09,X2456_1,RT,RT:D177E,177,E,0
Cuevas09,X2456_1,RT,RT:I178L,178,L,0
Cuevas09,X2456_1,RT,RT:T200A,200,A,0
Cuevas09,X2456_1,RT,RT:R211K,211,K,0
Cuevas09,X2456_1,RT,RT:L228Q,228,Q,0
Cuevas09,X2456_1,RT,RT:D250E,250,E,0
Cuevas09,X2456_1,RT,RT:I257L,257,L,0
Cuevas09,X2456_1,RT,RT:A272P,272,P,0
Cuevas09,X2456_1,RT,RT:K277R,277,R,0
Cuevas09,X2456_1,RT,RT:T286A,286,A,0
Cuevas09,X2456_1,RT,RT:I293V,293,V,0
Cuevas09,X2456_1,RT,RT:E297T,297,T,0
Cuevas09,X2456_1,RT,RT:I329L,329,L,0
Cuevas09,X2457_1,RT,RT:K32N,32,N,0
Cuevas09,X2457_1,RT,RT:V35I,35,I,0
Cuevas09,X2457_1,RT,RT:D121Y,121,Y,0
Cuevas09,X2457_1,RT,RT:K122E,122,E,0
Cuevas09,X2457_1,RT,RT:D123E,123,E,0
Cuevas09,X2457_1,RT,RT:I135R,135,R,0
Cuevas09,X2457_1,RT,RT:R211K,211,K,0
Cuevas09,X2457_1,RT,RT:S251N,251,N,0
Cuevas09,X2457_1,RT,RT:A272P,272,P,0
Cuevas09,X2457_1,RT,RT:K277R,277,R,0
Cuevas09,X2457_1,RT,RT:K281R,281,R,0
Cuevas09,X2457_1,RT,RT:E291D,291,D,0
Cuevas09,X2457_1,RT,RT:V292I,292,I,0
Cuevas09,X2457_1,RT,RT:I293V,293,V,0
Cuevas09,X2457_1,RT,RT:E297K,297,K,0
Cuevas09,X2457_1,RT,RT:Q334R,334,R,0
Cuevas09,X2459_1,RT,RT:V35I,35,I,0
Cuevas09,X2459_1,RT,RT:I50V,50,V,0
Cuevas09,X2459_1,RT,RT:K65R,65,R,0
Cuevas09,X2459_1,RT,RT:D67G,67,G,0
Cuevas09,X2459_1,RT,RT:D123E,123,E,0
Cuevas09,X2459_1,RT,RT:S162C,162,C,0
Cuevas09,X2459_1,RT,RT:G190E,190,E,0
Cuevas09,X2459_1,RT,RT:T200A,200,A,0
Cuevas09,X2459_1,RT,RT:R211T,211,T,0
Cuevas09,X2459_1,RT,RT:K219N,219,N,0
Cuevas09,X2459_1,RT,RT:A272P,272,P,0
Cuevas09,X2459_1,RT,RT:T286A,286,A,0
Cuevas09,X2465_1,RT,RT:V35T,35,T,0
Cuevas09,X2465_1,RT,RT:T39A,39,A,0
Cuevas09,X2465_1,RT,RT:A62V,62,V,0
Cuevas09,X2465_1,RT,RT:K104N,104,N,0
Cuevas09,X2465_1,RT,RT:I135T,135,T,0
Cuevas09,X2465_1,RT,RT:S162A,162,A,0
Cuevas09,X2465_1,RT,RT:T165I,165,I,0
Cuevas09,X2465_1,RT,RT:K173T,173,T,0
Cuevas09,X2465_1,RT,RT:Q174K,174,K,0
Cuevas09,X2465_1,RT,RT:D177E,177,E,0
Cuevas09,X2465_1,RT,RT:V189I,189,I,0
Cuevas09,X2465_1,RT,RT:T200A,200,A,0
Cuevas09,X2465_1,RT,RT:Q207E,207,E,0
Cuevas09,X2465_1,RT,RT:V245Q,245,Q,0
Cuevas09,X2465_1,RT,RT:T286A,286,A,0
Cuevas09,X2465_1,RT,RT:I293V,293,V,0
Cuevas09,X2465_1,RT,RT:P294T,294,T,0
Cuevas09,X2465_1,RT,RT:L295M,295,M,0
Cuevas09,X2465_1,RT,RT:S322T,322,T,0
Cuevas09,X2465_1,RT,RT:I326V,326,V,0
Cuevas09,X2465_1,RT,RT:A327V,327,V,0
Cuevas09,X2465_1,RT,RT:Q332R,332,R,0
Cuevas09,X2466_1,RT,RT:V35I,35,I,0
Cuevas09,X2466_1,RT,RT:K46Q,46,Q,0
Cuevas09,X2466_1,RT,RT:R83K,83,K,0
Cuevas09,X2466_1,RT,RT:D123E,123,E,0
Cuevas09,X2466_1,RT,RT:D177E,177,E,0
Cuevas09,X2466_1,RT,RT:I178M,178,M,0
Cuevas09,X2466_1,RT,RT:Q207K,207,K,0
Cuevas09,X2466_1,RT,RT:R211K,211,K,0
Cuevas09,X2466_1,RT,RT:A272P,272,P,0
Cuevas09,X2466_1,RT,RT:T286A,286,A,0
Cuevas09,X2466_1,RT,RT:E297A,297,A,0
Cuevas09,X2466_1,RT,RT:Q334L,334,L,0
Cuevas09,X2468_1,RT,RT:S3C,3,C,0
Cuevas09,X2468_1,RT,RT:K20R,20,R,0
Cuevas09,X2468_1,RT,RT:V35I,35,I,0
Cuevas09,X2468_1,RT,RT:V60I,60,I,0
Cuevas09,X2468_1,RT,RT:S68G,68,G,0
Cuevas09,X2468_1,RT,RT:R83K,83,K,0
Cuevas09,X2468_1,RT,RT:K103N,103,N,0
Cuevas09,X2468_1,RT,RT:V106I,106,I,0
Cuevas09,X2468_1,RT,RT:D123E,123,E,0
Cuevas09,X2468_1,RT,RT:I135T,135,T,0
Cuevas09,X2468_1,RT,RT:P157A,157,A,0
Cuevas09,X2468_1,RT,RT:S162C,162,C,0
Cuevas09,X2468_1,RT,RT:I178L,178,L,0
Cuevas09,X2468_1,RT,RT:Y188L,188,L,0
Cuevas09,X2468_1,RT,RT:T200A,200,A,0
Cuevas09,X2468_1,RT,RT:I202T,202,T,0
Cuevas09,X2468_1,RT,RT:E203D,203,D,0
Cuevas09,X2468_1,RT,RT:R211K,211,K,0
Cuevas09,X2468_1,RT,RT:T215N,215,N,0
Cuevas09,X2468_1,RT,RT:H221Y,221,Y,0
Cuevas09,X2468_1,RT,RT:A272P,272,P,0
Cuevas09,X2468_1,RT,RT:E297K,297,K,0
Cuevas09,X2468_1,RT,RT:Y319H,319,H,0
Cuevas09,X2468_1,RT,RT:S322T,322,T,0
Cuevas09,X2468_1,RT,RT:I326V,326,V,0
Cuevas09,X2468_1,RT,RT:Q334E,334,E,0
Cuevas09,X2469_1,RT,RT:V35T,35,T,0
Cuevas09,X2469_1,RT,RT:E36Q,36,Q,0
Cuevas09,X2469_1,RT,RT:T39A,39,A,0
Cuevas09,X2469_1,RT,RT:S48T,48,T,0
Cuevas09,X2469_1,RT,RT:K101R,101,R,0
Cuevas09,X2469_1,RT,RT:K122E,122,E,0
Cuevas09,X2469_1,RT,RT:D123G,123,G,0
Cuevas09,X2469_1,RT,RT:P133L,133,L,1
Cuevas09,X2469_1,RT,RT:S162C,162,C,0
Cuevas09,X2469_1,RT,RT:K166R,166,R,0
Cuevas09,X2469_1,RT,RT:K173T,173,T,0
Cuevas09,X2469_1,RT,RT:D177E,177,E,0
Cuevas09,X2469_1,RT,RT:T200A,200,A,0
Cuevas09,X2469_1,RT,RT:Q207E,207,E,0
Cuevas09,X2469_1,RT,RT:V245E,245,E,0
Cuevas09,X2469_1,RT,RT:A272P,272,P,0
Cuevas09,X2469_1,RT,RT:K281R,281,R,0
Cuevas09,X2469_1,RT,RT:E291D,291,D,0
Cuevas09,X2469_1,RT,RT:V292I,292,I,0
Cuevas09,X2469_1,RT,RT:I293V,293,V,0
Cuevas09,X2469_1,RT,RT:K311R,311,R,0
Cuevas09,X2473_1,RT,RT:V35I,35,I,0
Cuevas09,X2473_1,RT,RT:R83K,83,K,0
Cuevas09,X2473_1,RT,RT:K103N,103,N,0
Cuevas09,X2473_1,RT,RT:D123E,123,E,0
Cuevas09,X2473_1,RT,RT:D177E,177,E,0
Cuevas09,X2473_1,RT,RT:V179I,179,I,0
Cuevas09,X2473_1,RT,RT:I195V,195,V,0
Cuevas09,X2473_1,RT,RT:T200I,200,I,0
Cuevas09,X2473_1,RT,RT:R211K,211,K,0
Cuevas09,X2473_1,RT,RT:A272P,272,P,0
Cuevas09,X2473_1,RT,RT:K277R,277,R,0
Cuevas09,X2473_1,RT,RT:L283I,283,I,0
Cuevas09,X2473_1,RT,RT:V292I,292,I,0
Cuevas09,X2473_1,RT,RT:I293V,293,V,0
Cuevas09,X2473_1,RT,RT:P294S,294,S,0
Cuevas09,X2474_1,RT,RT:R83K,83,K,0
Cuevas09,X2474_1,RT,RT:K101Q,101,Q,0
Cuevas09,X2474_1,RT,RT:E138A,138,A,0
Cuevas09,X2474_1,RT,RT:V245K,245,K,0
Cuevas09,X2474_1,RT,RT:T286A,286,A,0
Cuevas09,X2474_1,RT,RT:K311R,311,R,0
Cuevas09,X2474_1,RT,RT:I326V,326,V,0
Cuevas09,X2486_1,RT,RT:V35T,35,T,0
Cuevas09,X2486_1,RT,RT:E40D,40,D,0
Cuevas09,X2486_1,RT,RT:K43R,43,R,0
Cuevas09,X2486_1,RT,RT:V60I,60,I,0
Cuevas09,X2486_1,RT,RT:A98S,98,S,0
Cuevas09,X2486_1,RT,RT:K122E,122,E,0
Cuevas09,X2486_1,RT,RT:D123S,123,S,0
Cuevas09,X2486_1,RT,RT:K173A,173,A,1
Cuevas09,X2486_1,RT,RT:K173I,173,I,1
Cuevas09,X2486_1,RT,RT:K173T,173,T,1
Cuevas09,X2486_1,RT,RT:K173V,173,V,1
Cuevas09,X2486_1,RT,RT:Q174K,174,K,0
Cuevas09,X2486_1,RT,RT:I178M,178,M,0
Cuevas09,X2486_1,RT,RT:T200A,200,A,0
Cuevas09,X2486_1,RT,RT:Q207K,207,K,0
Cuevas09,X2486_1,RT,RT:R211S,211,S,0
Cuevas09,X2486_1,RT,RT:V245Q,245,Q,0
Cuevas09,X2486_1,RT,RT:E248D,248,D,0
Cuevas09,X2486_1,RT,RT:D250E,250,E,0
Cuevas09,X2486_1,RT,RT:A272P,272,P,0
Cuevas09,X2486_1,RT,RT:T286A,286,A,0
Cuevas09,X2486_1,RT,RT:V292I,292,I,0
Cuevas09,X2486_1,RT,RT:I293V,293,V,0
Cuevas09,X2486_1,RT,RT:T296S,296,S,0
Cuevas09,X2486_1,RT,RT:E297A,297,A,1
Cuevas09,X2486_1,RT,RT:E297T,297,T,1
Cuevas09,X2486_1,RT,RT:L301M,301,M,0
Cuevas09,X2486_1,RT,RT:D320E,320,E,0
Cuevas09,X2486_1,RT,RT:D324E,324,E,0
Cuevas09,X2493_1,RT,RT:V35T,35,T,0
Cuevas09,X2493_1,RT,RT:K49R,49,R,0
Cuevas09,X2493_1,RT,RT:V60I,60,I,0
Cuevas09,X2493_1,RT,RT:A98S,98,S,0
Cuevas09,X2493_1,RT,RT:K122E,122,E,0
Cuevas09,X2493_1,RT,RT:D123S,123,S,0
Cuevas09,X2493_1,RT,RT:I135T,135,T,0
Cuevas09,X2493_1,RT,RT:S162C,162,C,0
Cuevas09,X2493_1,RT,RT:K173I,173,I,0
Cuevas09,X2493_1,RT,RT:Q174K,174,K,0
Cuevas09,X2493_1,RT,RT:D177E,177,E,0
Cuevas09,X2493_1,RT,RT:T200A,200,A,0
Cuevas09,X2493_1,RT,RT:Q207K,207,K,0
Cuevas09,X2493_1,RT,RT:R211S,211,S,0
Cuevas09,X2493_1,RT,RT:V245Q,245,Q,0
Cuevas09,X2493_1,RT,RT:E248D,248,D,0
Cuevas09,X2493_1,RT,RT:D250E,250,E,0
Cuevas09,X2493_1,RT,RT:A272P,272,P,0
Cuevas09,X2494_1,RT,RT:V21I,21,I,0
Cuevas09,X2494_1,RT,RT:D123E,123,E,0
Cuevas09,X2494_1,RT,RT:G196E,196,E,0
Cuevas09,X2494_1,RT,RT:Q197K,197,K,0
Cuevas09,X2494_1,RT,RT:T200I,200,I,0
Cuevas09,X2494_1,RT,RT:I202V,202,V,0
Cuevas09,X2494_1,RT,RT:R211K,211,K,0
Cuevas09,X2494_1,RT,RT:V245E,245,E,0
Cuevas09,X2494_1,RT,RT:K249R,249,R,0
Cuevas09,X2494_1,RT,RT:S251D,251,D,1
Cuevas09,X2494_1,RT,RT:S251N,251,N,1
Cuevas09,X2494_1,RT,RT:A272P,272,P,0
Cuevas09,X2494_1,RT,RT:V292I,292,I,0
Cuevas09,X2494_1,RT,RT:E297R,297,R,0
Cuevas09,X2494_1,RT,RT:I326V,326,V,0
Cuevas09,X2496_1,RT,RT:V60I,60,I,0
Cuevas09,X2496_1,RT,RT:K104R,104,R,0
Cuevas09,X2496_1,RT,RT:D121Y,121,Y,0
Cuevas09,X2496_1,RT,RT:K122E,122,E,0
Cuevas09,X2496_1,RT,RT:I135T,135,T,0
Cuevas09,X2496_1,RT,RT:E138A,138,A,1
Cuevas09,X2496_1,RT,RT:I142V,142,V,0
Cuevas09,X2496_1,RT,RT:S162A,162,A,0
Cuevas09,X2496_1,RT,RT:T200N,200,N,0
Cuevas09,X2496_1,RT,RT:R211K,211,K,0
Cuevas09,X2496_1,RT,RT:V245K,245,K,0
Cuevas09,X2496_1,RT,RT:L283I,283,I,0
Cuevas09,X2496_1,RT,RT:R284K,284,K,0
Cuevas09,X2496_1,RT,RT:T286V,286,V,0
Cuevas09,X2496_1,RT,RT:A288S,288,S,0
Cuevas09,X2496_1,RT,RT:I293V,293,V,0
Cuevas09,X2496_1,RT,RT:I329L,329,L,0
Cuevas09,X2509_1,RT,RT:V60I,60,I,0
Cuevas09,X2509_1,RT,RT:K104R,104,R,0
Cuevas09,X2509_1,RT,RT:D121Y,121,Y,0
Cuevas09,X2509_1,RT,RT:K122E,122,E,0
Cuevas09,X2509_1,RT,RT:I135T,135,T,0
Cuevas09,X2509_1,RT,RT:I142V,142,V,0
Cuevas09,X2509_1,RT,RT:S162A,162,A,0
Cuevas09,X2509_1,RT,RT:T200N,200,N,0
Cuevas09,X2509_1,RT,RT:V245K,245,K,0
Cuevas09,X2509_1,RT,RT:L283I,283,I,0
Cuevas09,X2509_1,RT,RT:R284K,284,K,0
Cuevas09,X2509_1,RT,RT:T286V,286,V,0
Cuevas09,X2509_1,RT,RT:A288S,288,S,0
Cuevas09,X2509_1,RT,RT:I293V,293,V,0
Cuevas09,X2509_1,RT,RT:I329L,329,L,0
Cuevas09,X2510_1,RT,RT:D123E,123,E,0
Cuevas09,X2510_1,RT,RT:I142V,142,V,0
Cuevas09,X2510_1,RT,RT:I178M,178,M,0
Cuevas09,X2510_1,RT,RT:Q207R,207,R,0
Cuevas09,X2510_1,RT,RT:K277R,277,R,0
Cuevas09,X2510_1,RT,RT:E297A,297,A,0
Cuevas09,X2510_1,RT,RT:I326V,326,V,0
Cuevas09,X2510_1,RT,RT:I329L,329,L,0
Cuevas09,X2511_1,RT,RT:E40A,40,A,0
Cuevas09,X2511_1,RT,RT:A98S,98,S,1
Cuevas09,X2511_1,RT,RT:K102R,102,R,1
Cuevas09,X2511_1,RT,RT:D123E,123,E,0
Cuevas09,X2511_1,RT,RT:I135T,135,T,0
Cuevas09,X2511_1,RT,RT:I142T,142,T,0
Cuevas09,X2511_1,RT,RT:S162C,162,C,0
Cuevas09,X2511_1,RT,RT:V179I,179,I,0
Cuevas09,X2511_1,RT,RT:I202V,202,V,1
Cuevas09,X2511_1,RT,RT:T215E,215,E,0
Cuevas09,X2511_1,RT,RT:V245E,245,E,0
Cuevas09,X2511_1,RT,RT:A272G,272,G,0
Cuevas09,X2511_1,RT,RT:T286A,286,A,0
Cuevas09,X2511_1,RT,RT:E297K,297,K,0
Cuevas09,X2511_1,RT,RT:P313Q,313,Q,0
Cuevas09,X2512_1,RT,RT:V35T,35,T,0
Cuevas09,X2512_1,RT,RT:E36D,36,D,0
Cuevas09,X2512_1,RT,RT:T39L,39,L,0
Cuevas09,X2512_1,RT,RT:I135V,135,V,0
Cuevas09,X2512_1,RT,RT:S162A,162,A,0
Cuevas09,X2512_1,RT,RT:K173A,173,A,1
Cuevas09,X2512_1,RT,RT:K173T,173,T,1
Cuevas09,X2512_1,RT,RT:Q174K,174,K,0
Cuevas09,X2512_1,RT,RT:P176S,176,S,1
Cuevas09,X2512_1,RT,RT:D177E,177,E,0
Cuevas09,X2512_1,RT,RT:T200A,200,A,0
Cuevas09,X2512_1,RT,RT:Q207E,207,E,0
Cuevas09,X2512_1,RT,RT:R211K,211,K,0
Cuevas09,X2512_1,RT,RT:V245Q,245,Q,0
Cuevas09,X2512_1,RT,RT:E248D,248,D,0
Cuevas09,X2512_1,RT,RT:S251T,251,T,0
Cuevas09,X2512_1,RT,RT:T286A,286,A,0
Cuevas09,X2512_1,RT,RT:E291D,291,D,0
Cuevas09,X2512_1,RT,RT:I293V,293,V,0
Cuevas09,X2513_1,RT,RT:R83K,83,K,0
Cuevas09,X2513_1,RT,RT:K122E,122,E,0
Cuevas09,X2513_1,RT,RT:G196E,196,E,0
Cuevas09,X2513_1,RT,RT:K277R,277,R,0
Cuevas09,X2513_1,RT,RT:I293V,293,V,0
Cuevas09,X2513_1,RT,RT:P294T,294,T,0
Cuevas09,X2513_1,RT,RT:E297A,297,A,0
Cuevas09,X2513_1,RT,RT:L325F,325,F,0
Cuevas09,X2515_2,RT,RT:A98S,98,S,0
Cuevas09,X2515_2,RT,RT:D123E,123,E,0
Cuevas09,X2515_2,RT,RT:D177E,177,E,0
Cuevas09,X2515_2,RT,RT:I178V,178,V,0
Cuevas09,X2515_2,RT,RT:G196E,196,E,0
Cuevas09,X2515_2,RT,RT:T200A,200,A,0
Cuevas09,X2515_2,RT,RT:E204T,204,T,0
Cuevas09,X2515_2,RT,RT:Q207D,207,D,0
Cuevas09,X2515_2,RT,RT:V245M,245,M,0
Cuevas09,X2515_2,RT,RT:K277R,277,R,0
Cuevas09,X2515_2,RT,RT:I293V,293,V,0
Cuevas09,X2515_2,RT,RT:E297K,297,K,0
Cuevas09,X2520_1,RT,RT:A98S,98,S,0
Cuevas09,X2520_1,RT,RT:K102Q,102,Q,0
Cuevas09,X2520_1,RT,RT:D123E,123,E,0
Cuevas09,X2520_1,RT,RT:S162A,162,A,0
Cuevas09,X2520_1,RT,RT:Q174G,174,G,0
Cuevas09,X2520_1,RT,RT:D177E,177,E,0
Cuevas09,X2520_1,RT,RT:R211K,211,K,0
Cuevas09,X2520_1,RT,RT:A272P,272,P,0
Cuevas09,X2520_1,RT,RT:K277R,277,R,0
Cuevas09,X2520_1,RT,RT:K281R,281,R,0
Cuevas09,X2520_1,RT,RT:I293V,293,V,0
Cuevas09,X2521_1,RT,RT:V35I,35,I,0
Cuevas09,X2521_1,RT,RT:D123E,123,E,0
Cuevas09,X2521_1,RT,RT:I135T,135,T,0
Cuevas09,X2521_1,RT,RT:I142V,142,V,0
Cuevas09,X2521_1,RT,RT:E169K,169,K,1
Cuevas09,X2521_1,RT,RT:Q174H,174,H,0
Cuevas09,X2521_1,RT,RT:D177E,177,E,1
Cuevas09,X2521_1,RT,RT:D177K,177,K,1
Cuevas09,X2521_1,RT,RT:I178V,178,V,0
Cuevas09,X2521_1,RT,RT:R211Q,211,Q,0
Cuevas09,X2521_1,RT,RT:F214L,214,L,0
Cuevas09,X2521_1,RT,RT:D250E,250,E,0
Cuevas09,X2521_1,RT,RT:T286A,286,A,0
Cuevas09,X2521_1,RT,RT:P294T,294,T,0
Cuevas09,X2521_1,RT,RT:E297K,297,K,0
Cuevas09,X2521_1,RT,RT:I329L,329,L,0
Cuevas09,X2524_1,RT,RT:V35I,35,I,0
Cuevas09,X2524_1,RT,RT:T69S,69,S,0
Cuevas09,X2524_1,RT,RT:I135T,135,T,0
Cuevas09,X2524_1,RT,RT:Q197L,197,L,0
Cuevas09,X2524_1,RT,RT:F214L,214,L,0
Cuevas09,X2524_1,RT,RT:V245K,245,K,0
Cuevas09,X2524_1,RT,RT:K277R,277,R,0
Cuevas09,X2524_1,RT,RT:T286A,286,A,0
Cuevas09,X2524_1,RT,RT:I293V,293,V,0
Cuevas09,X2524_1,RT,RT:E297R,297,R,0
Cuevas09,X2524_1,RT,RT:V317A,317,A,0
Cuevas09,X2527_1,RT,RT:V8I,8,I,0
Cuevas09,X2527_1,RT,RT:K20R,20,R,0
Cuevas09,X2527_1,RT,RT:E28K,28,K,0
Cuevas09,X2527_1,RT,RT:K32E,32,E,0
Cuevas09,X2527_1,RT,RT:V35T,35,T,0
Cuevas09,X2527_1,RT,RT:E36A,36,A,0
Cuevas09,X2527_1,RT,RT:T39E,39,E,0
Cuevas09,X2527_1,RT,RT:V60I,60,I,0
Cuevas09,X2527_1,RT,RT:W88C,88,C,0
Cuevas09,X2527_1,RT,RT:K103R,103,R,1
Cuevas09,X2527_1,RT,RT:K122E,122,E,0
Cuevas09,X2527_1,RT,RT:I135T,135,T,0
Cuevas09,X2527_1,RT,RT:K173A,173,A,0
Cuevas09,X2527_1,RT,RT:Q174K,174,K,0
Cuevas09,X2527_1,RT,RT:D177E,177,E,0
Cuevas09,X2527_1,RT,RT:T200A,200,A,0
Cuevas09,X2527_1,RT,RT:Q207E,207,E,0
Cuevas09,X2527_1,RT,RT:R211K,211,K,0
Cuevas09,X2527_1,RT,RT:F214L,214,L,0
Cuevas09,X2527_1,RT,RT:V245Q,245,Q,0
Cuevas09,X2527_1,RT,RT:D250E,250,E,0
Cuevas09,X2527_1,RT,RT:T286A,286,A,0
Cuevas09,X2527_1,RT,RT:E291D,291,D,0
Cuevas09,X2527_1,RT,RT:V292I,292,I,0
Cuevas09,X2527_1,RT,RT:I293V,293,V,0
Cuevas09,X2528_1,RT,RT:K11R,11,R,0
Cuevas09,X2528_1,RT,RT:V106I,106,I,0
Cuevas09,X2528_1,RT,RT:K122E,122,E,0
Cuevas09,X2528_1,RT,RT:D123E,123,E,0
Cuevas09,X2528_1,RT,RT:I135T,135,T,0
Cuevas09,X2528_1,RT,RT:E169K,169,K,1
Cuevas09,X2528_1,RT,RT:F214L,214,L,0
Cuevas09,X2528_1,RT,RT:T286A,286,A,0
Cuevas09,X2528_1,RT,RT:T296S,296,S,0
Cuevas09,X2528_1,RT,RT:E297K,297,K,0
Cuevas09,X2528_1,RT,RT:I329V,329,V,0
Cuevas09,X2529_1,RT,RT:V35I,35,I,0
Cuevas09,X2529_1,RT,RT:D123E,123,E,0
Cuevas09,X2529_1,RT,RT:I142V,142,V,0
Cuevas09,X2529_1,RT,RT:Q174H,174,H,0
Cuevas09,X2529_1,RT,RT:D177E,177,E,0
Cuevas09,X2529_1,RT,RT:R211Q,211,Q,0
Cuevas09,X2529_1,RT,RT:F214L,214,L,0
Cuevas09,X2529_1,RT,RT:K249Q,249,Q,0
Cuevas09,X2529_1,RT,RT:D250E,250,E,0
Cuevas09,X2529_1,RT,RT:T286A,286,A,0
Cuevas09,X2529_1,RT,RT:P294T,294,T,0
Cuevas09,X2529_1,RT,RT:E297K,297,K,0
Cuevas09,X2529_1,RT,RT:I329L,329,L,0
Cuevas09,X2534_1,RT,RT:V35I,35,I,0
Cuevas09,X2534_1,RT,RT:R83K,83,K,0
Cuevas09,X2534_1,RT,RT:K122E,122,E,0
Cuevas09,X2534_1,RT,RT:I135T,135,T,0
Cuevas09,X2534_1,RT,RT:T200A,200,A,0
Cuevas09,X2534_1,RT,RT:Q207E,207,E,0
Cuevas09,X2534_1,RT,RT:R211K,211,K,0
Cuevas09,X2534_1,RT,RT:K277R,277,R,0
Cuevas09,X2534_1,RT,RT:L283I,283,I,0
Cuevas09,X2534_1,RT,RT:I293V,293,V,0
Cuevas09,X2545_1,RT,RT:S162A,162,A,0
Cuevas09,X2545_1,RT,RT:I195L,195,L,0
Cuevas09,X2545_1,RT,RT:F214L,214,L,0
Cuevas09,X2545_1,RT,RT:A272P,272,P,0
Cuevas09,X2545_1,RT,RT:V292I,292,I,0
Cuevas09,X2545_1,RT,RT:I293V,293,V,0
Cuevas09,X2546_1,RT,RT:V35T,35,T,0
Cuevas09,X2546_1,RT,RT:E36A,36,A,0
Cuevas09,X2546_1,RT,RT:T39E,39,E,0
Cuevas09,X2546_1,RT,RT:S48T,48,T,0
Cuevas09,X2546_1,RT,RT:K122E,122,E,0
Cuevas09,X2546_1,RT,RT:D123N,123,N,1
Cuevas09,X2546_1,RT,RT:K173A,173,A,0
Cuevas09,X2546_1,RT,RT:D177E,177,E,1
Cuevas09,X2546_1,RT,RT:D177G,177,G,1
Cuevas09,X2546_1,RT,RT:I178M,178,M,1
Cuevas09,X2546_1,RT,RT:V179I,179,I,1
Cuevas09,X2546_1,RT,RT:T200A,200,A,0
Cuevas09,X2546_1,RT,RT:I202V,202,V,0
Cuevas09,X2546_1,RT,RT:E204G,204,G,1
Cuevas09,X2546_1,RT,RT:Q207D,207,D,1
Cuevas09,X2546_1,RT,RT:Q207E,207,E,1
Cuevas09,X2546_1,RT,RT:R211K,211,K,1
Cuevas09,X2546_1,RT,RT:V245Q,245,Q,0
Cuevas09,X2546_1,RT,RT:E248D,248,D,0
Cuevas09,X2546_1,RT,RT:A272P,272,P,0
Cuevas09,X2546_1,RT,RT:E291D,291,D,0
Cuevas09,X2546_1,RT,RT:V292I,292,I,0
Cuevas09,X2546_1,RT,RT:I293V,293,V,0
Cuevas09,X2547_1,RT,RT:V35T,35,T,0
Cuevas09,X2547_1,RT,RT:E36A,36,A,0
Cuevas09,X2547_1,RT,RT:T39E,39,E,0
Cuevas09,X2547_1,RT,RT:S48T,48,T,0
Cuevas09,X2547_1,RT,RT:K122E,122,E,0
Cuevas09,X2547_1,RT,RT:K173A,173,A,0
Cuevas09,X2547_1,RT,RT:D177E,177,E,0
Cuevas09,X2547_1,RT,RT:G196R,196,R,0
Cuevas09,X2547_1,RT,RT:T200A,200,A,0
Cuevas09,X2547_1,RT,RT:I202V,202,V,0
Cuevas09,X2547_1,RT,RT:E204G,204,G,0
Cuevas09,X2547_1,RT,RT:Q207E,207,E,0
Cuevas09,X2547_1,RT,RT:V245Q,245,Q,0
Cuevas09,X2547_1,RT,RT:E248D,248,D,0
Cuevas09,X2547_1,RT,RT:A272P,272,P,0
Cuevas09,X2547_1,RT,RT:E291D,291,D,0
Cuevas09,X2547_1,RT,RT:V292I,292,I,0
Cuevas09,X2547_1,RT,RT:I293V,293,V,0
Cuevas09,X2548_1,RT,RT:K49R,49,R,0
Cuevas09,X2548_1,RT,RT:V60I,60,I,0
Cuevas09,X2548_1,RT,RT:K122P,122,P,0
Cuevas09,X2548_1,RT,RT:I135T,135,T,0
Cuevas09,X2548_1,RT,RT:I142V,142,V,0
Cuevas09,X2548_1,RT,RT:S162N,162,N,0
Cuevas09,X2548_1,RT,RT:E169D,169,D,0
Cuevas09,X2548_1,RT,RT:V245R,245,R,0
Cuevas09,X2548_1,RT,RT:A272P,272,P,0
Cuevas09,X2548_1,RT,RT:K277R,277,R,0
Cuevas09,X2548_1,RT,RT:A288S,288,S,0
Cuevas09,X2548_1,RT,RT:I293V,293,V,0
Cuevas09,X2548_1,RT,RT:E297R,297,R,0
Cuevas09,X2549_1,RT,RT:E28K,28,K,0
Cuevas09,X2549_1,RT,RT:K32E,32,E,0
Cuevas09,X2549_1,RT,RT:S68G,68,G,0
Cuevas09,X2549_1,RT,RT:K102H,102,H,0
Cuevas09,X2549_1,RT,RT:K122E,122,E,0
Cuevas09,X2549_1,RT,RT:I135T,135,T,0
Cuevas09,X2549_1,RT,RT:S162H,162,H,0
Cuevas09,X2549_1,RT,RT:E169D,169,D,0
Cuevas09,X2549_1,RT,RT:I178L,178,L,1
Cuevas09,X2549_1,RT,RT:G196E,196,E,0
Cuevas09,X2549_1,RT,RT:V245E,245,E,0
Cuevas09,X2549_1,RT,RT:A272P,272,P,0
Cuevas09,X2549_1,RT,RT:I293V,293,V,0
Cuevas09,X2549_1,RT,RT:S322T,322,T,0
Cuevas09,X2549_1,RT,RT:I329V,329,V,0
Cuevas09,X2550_1,RT,RT:V60I,60,I,0
Cuevas09,X2550_1,RT,RT:K104R,104,R,0
Cuevas09,X2550_1,RT,RT:D121Y,121,Y,0
Cuevas09,X2550_1,RT,RT:K122E,122,E,0
Cuevas09,X2550_1,RT,RT:I135T,135,T,0
Cuevas09,X2550_1,RT,RT:I142V,142,V,0
Cuevas09,X2550_1,RT,RT:S162A,162,A,0
Cuevas09,X2550_1,RT,RT:T200N,200,N,1
Cuevas09,X2550_1,RT,RT:R211K,211,K,0
Cuevas09,X2550_1,RT,RT:V245K,245,K,0
Cuevas09,X2550_1,RT,RT:L283I,283,I,0
Cuevas09,X2550_1,RT,RT:R284K,284,K,0
Cuevas09,X2550_1,RT,RT:T286V,286,V,0
Cuevas09,X2550_1,RT,RT:A288S,288,S,0
Cuevas09,X2550_1,RT,RT:I293V,293,V,0
Cuevas09,X2550_1,RT,RT:I329L,329,L,0
Cuevas09,X2551_1,RT,RT:V60I,60,I,0
Cuevas09,X2551_1,RT,RT:K104R,104,R,0
Cuevas09,X2551_1,RT,RT:D121Y,121,Y,0
Cuevas09,X2551_1,RT,RT:K122E,122,E,0
Cuevas09,X2551_1,RT,RT:I135T,135,T,0
Cuevas09,X2551_1,RT,RT:I142V,142,V,0
Cuevas09,X2551_1,RT,RT:S162A,162,A,0
Cuevas09,X2551_1,RT,RT:T200N,200,N,0
Cuevas09,X2551_1,RT,RT:R211K,211,K,0
Cuevas09,X2551_1,RT,RT:V245K,245,K,0
Cuevas09,X2551_1,RT,RT:L283I,283,I,0
Cuevas09,X2551_1,RT,RT:R284K,284,K,0
Cuevas09,X2551_1,RT,RT:T286V,286,V,0
Cuevas09,X2551_1,RT,RT:A288S,288,S,0
Cuevas09,X2551_1,RT,RT:I293V,293,V,0
Cuevas09,X2551_1,RT,RT:I329L,329,L,0
Cuevas09,X2553_1,RT,RT:S162A,162,A,0
Cuevas09,X2553_1,RT,RT:I195L,195,L,0
Cuevas09,X2553_1,RT,RT:F214L,214,L,0
Cuevas09,X2555_1,RT,RT:K49R,49,R,0
Cuevas09,X2555_1,RT,RT:V60I,60,I,0
Cuevas09,X2555_1,RT,RT:V90I,90,I,0
Cuevas09,X2555_1,RT,RT:D123E,123,E,0
Cuevas09,X2555_1,RT,RT:I135T,135,T,0
Cuevas09,X2555_1,RT,RT:I142V,142,V,0
Cuevas09,X2555_1,RT,RT:S163A,163,A,0
Cuevas09,X2555_1,RT,RT:K166T,166,T,0
Cuevas09,X2555_1,RT,RT:F171Y,171,Y,0
Cuevas09,X2555_1,RT,RT:I178M,178,M,0
Cuevas09,X2555_1,RT,RT:T200A,200,A,0
Cuevas09,X2555_1,RT,RT:K201R,201,R,0
Cuevas09,X2555_1,RT,RT:I202V,202,V,0
Cuevas09,X2555_1,RT,RT:R211K,211,K,0
Cuevas09,X2555_1,RT,RT:A272P,272,P,0
Cuevas09,X2555_1,RT,RT:K277R,277,R,0
Cuevas09,X2555_1,RT,RT:T286A,286,A,0
Cuevas09,X2555_1,RT,RT:P294T,294,T,0
Cuevas09,X2555_1,RT,RT:K311R,311,R,0
Cuevas09,X2555_1,RT,RT:D324E,324,E,0
Cuevas09,X2557_1,RT,RT:A98S,98,S,0
Cuevas09,X2557_1,RT,RT:K102Q,102,Q,0
Cuevas09,X2557_1,RT,RT:K122E,122,E,0
Cuevas09,X2557_1,RT,RT:K173N,173,N,0
Cuevas09,X2557_1,RT,RT:Q174R,174,R,0
Cuevas09,X2557_1,RT,RT:R211K,211,K,0
Cuevas09,X2557_1,RT,RT:A272P,272,P,0
Cuevas09,X2557_1,RT,RT:K281R,281,R,0
Cuevas09,X2557_1,RT,RT:I293V,293,V,0
Cuevas09,X2557_1,RT,RT:E297A,297,A,0
Cuevas09,X2558_1,RT,RT:K20R,20,R,0
Cuevas09,X2558_1,RT,RT:V35I,35,I,0
Cuevas09,X2558_1,RT,RT:S68G,68,G,0
Cuevas09,X2558_1,RT,RT:A98S,98,S,0
Cuevas09,X2558_1,RT,RT:K122E,122,E,0
Cuevas09,X2558_1,RT,RT:D123S,123,S,0
Cuevas09,X2558_1,RT,RT:I135T,135,T,0
Cuevas09,X2558_1,RT,RT:T139S,139,S,0
Cuevas09,X2558_1,RT,RT:Y144F,144,F,0
Cuevas09,X2558_1,RT,RT:K173I,173,I,0
Cuevas09,X2558_1,RT,RT:Q174K,174,K,0
Cuevas09,X2558_1,RT,RT:D177E,177,E,0
Cuevas09,X2558_1,RT,RT:T200A,200,A,0
Cuevas09,X2558_1,RT,RT:Q207K,207,K,0
Cuevas09,X2558_1,RT,RT:R211S,211,S,0
Cuevas09,X2558_1,RT,RT:V245Q,245,Q,0
Cuevas09,X2558_1,RT,RT:E248D,248,D,0
Cuevas09,X2558_1,RT,RT:D250E,250,E,0
Cuevas09,X2558_1,RT,RT:A272P,272,P,0
Cuevas09,X2558_1,RT,RT:K277R,277,R,0
Cuevas09,X2558_1,RT,RT:V292I,292,I,0
Cuevas09,X2558_1,RT,RT:I293V,293,V,0
Cuevas09,X2558_1,RT,RT:E297R,297,R,0
Cuevas09,X2564_1,RT,RT:K20R,20,R,0
Cuevas09,X2564_1,RT,RT:V60I,60,I,0
Cuevas09,X2564_1,RT,RT:D123E,123,E,0
Cuevas09,X2564_1,RT,RT:I135R,135,R,0
Cuevas09,X2564_1,RT,RT:S162C,162,C,0
Cuevas09,X2564_1,RT,RT:K166R,166,R,0
Cuevas09,X2564_1,RT,RT:D177E,177,E,0
Cuevas09,X2564_1,RT,RT:T200I,200,I,0
Cuevas09,X2564_1,RT,RT:I244V,244,V,0
Cuevas09,X2564_1,RT,RT:A272P,272,P,0
Cuevas09,X2564_1,RT,RT:K277R,277,R,0
Cuevas09,X2564_1,RT,RT:I293V,293,V,0
Cuevas09,X2564_1,RT,RT:P294Q,294,Q,0
Cuevas09,X2568_1,RT,RT:K49R,49,R,0
Cuevas09,X2568_1,RT,RT:D67N,67,N,0
Cuevas09,X2568_1,RT,RT:R83K,83,K,0
Cuevas09,X2568_1,RT,RT:K103N,103,N,0
Cuevas09,X2568_1,RT,RT:D123E,123,E,0
Cuevas09,X2568_1,RT,RT:P157A,157,A,0
Cuevas09,X2568_1,RT,RT:S162C,162,C,0
Cuevas09,X2568_1,RT,RT:I178L,178,L,0
Cuevas09,X2568_1,RT,RT:Y188L,188,L,0
Cuevas09,X2568_1,RT,RT:V189I,189,I,0
Cuevas09,X2568_1,RT,RT:I202T,202,T,0
Cuevas09,X2568_1,RT,RT:R211K,211,K,0
Cuevas09,X2568_1,RT,RT:T215C,215,C,0
Cuevas09,X2568_1,RT,RT:K219E,219,E,0
Cuevas09,X2568_1,RT,RT:A272P,272,P,0
Cuevas09,X2568_1,RT,RT:K277R,277,R,0
Cuevas09,X2568_1,RT,RT:Y319H,319,H,0
Cuevas09,X2568_1,RT,RT:S322T,322,T,0
Cuevas09,X2568_1,RT,RT:I326V,326,V,0
Cuevas09,X2570_1,RT,RT:I50V,50,V,0
Cuevas09,X2570_1,RT,RT:V90I,90,I,0
Cuevas09,X2570_1,RT,RT:A98S,98,S,0
Cuevas09,X2570_1,RT,RT:S162D,162,D,0
Cuevas09,X2570_1,RT,RT:I178M,178,M,1
Cuevas09,X2570_1,RT,RT:V179I,179,I,0
Cuevas09,X2570_1,RT,RT:L283I,283,I,0
Cuevas09,X2570_1,RT,RT:I293V,293,V,0
Cuevas09,X2570_1,RT,RT:P294Q,294,Q,0
Cuevas09,X2570_1,RT,RT:P313A,313,A,0
Cuevas09,X2572_1,RT,RT:V35I,35,I,0
Cuevas09,X2572_1,RT,RT:T69S,69,S,0
Cuevas09,X2572_1,RT,RT:I135T,135,T,0
Cuevas09,X2572_1,RT,RT:I142V,142,V,0
Cuevas09,X2572_1,RT,RT:F214L,214,L,0
Cuevas09,X2572_1,RT,RT:V245K,245,K,0
Cuevas09,X2572_1,RT,RT:K277R,277,R,0
Cuevas09,X2572_1,RT,RT:T286A,286,A,0
Cuevas09,X2572_1,RT,RT:I293V,293,V,0
Cuevas09,X2572_1,RT,RT:E297K,297,K,0
Cuevas09,X2573_1,RT,RT:V60I,60,I,0
Cuevas09,X2573_1,RT,RT:K104R,104,R,0
Cuevas09,X2573_1,RT,RT:D121Y,121,Y,0
Cuevas09,X2573_1,RT,RT:K122E,122,E,0
Cuevas09,X2573_1,RT,RT:I135T,135,T,0
Cuevas09,X2573_1,RT,RT:I142V,142,V,0
Cuevas09,X2573_1,RT,RT:S162A,162,A,0
Cuevas09,X2573_1,RT,RT:V179I,179,I,0
Cuevas09,X2573_1,RT,RT:T200N,200,N,0
Cuevas09,X2573_1,RT,RT:R211K,211,K,0
Cuevas09,X2573_1,RT,RT:V245K,245,K,0
Cuevas09,X2573_1,RT,RT:L283I,283,I,0
Cuevas09,X2573_1,RT,RT:R284K,284,K,0
Cuevas09,X2573_1,RT,RT:T286V,286,V,0
Cuevas09,X2573_1,RT,RT:A288S,288,S,0
Cuevas09,X2573_1,RT,RT:I293V,293,V,0
Cuevas09,X2573_1,RT,RT:I329L,329,L,0
Cuevas09,X2574_1,RT,RT:V60I,60,I,0
Cuevas09,X2574_1,RT,RT:K104R,104,R,0
Cuevas09,X2574_1,RT,RT:D121Y,121,Y,0
Cuevas09,X2574_1,RT,RT:K122E,122,E,0
Cuevas09,X2574_1,RT,RT:I135T,135,T,0
Cuevas09,X2574_1,RT,RT:I142V,142,V,0
Cuevas09,X2574_1,RT,RT:S162A,162,A,0
Cuevas09,X2574_1,RT,RT:V179I,179,I,0
Cuevas09,X2574_1,RT,RT:T200N,200,N,0
Cuevas09,X2574_1,RT,RT:R211K,211,K,0
Cuevas09,X2574_1,RT,RT:V245K,245,K,0
Cuevas09,X2574_1,RT,RT:L283I,283,I,0
Cuevas09,X2574_1,RT,RT:R284K,284,K,0
Cuevas09,X2574_1,RT,RT:T286V,286,V,0
Cuevas09,X2574_1,RT,RT:A288S,288,S,0
Cuevas09,X2574_1,RT,RT:I293V,293,V,0
Cuevas09,X2574_1,RT,RT:E297D,297,D,0
Cuevas09,X2574_1,RT,RT:E300A,300,A,0
Cuevas09,X2576_1,RT,RT:V35I,35,I,0
Cuevas09,X2576_1,RT,RT:R83K,83,K,0
Cuevas09,X2576_1,RT,RT:K103N,103,N,0
Cuevas09,X2576_1,RT,RT:D123E,123,E,0
Cuevas09,X2576_1,RT,RT:D177E,177,E,0
Cuevas09,X2576_1,RT,RT:V179I,179,I,0
Cuevas09,X2576_1,RT,RT:T200I,200,I,0
Cuevas09,X2576_1,RT,RT:R211K,211,K,0
Cuevas09,X2576_1,RT,RT:A272P,272,P,0
Cuevas09,X2576_1,RT,RT:K277R,277,R,0
Cuevas09,X2576_1,RT,RT:L283I,283,I,0
Cuevas09,X2576_1,RT,RT:V292I,292,I,0
Cuevas09,X2576_1,RT,RT:I293V,293,V,0
Cuevas09,X2576_1,RT,RT:A299P,299,P,0
Cuevas09,X2576_1,RT,RT:E305D,305,D,0
Cuevas09,X2576_1,RT,RT:L325F,325,F,0
Cuevas09,X2577_1,RT,RT:V35T,35,T,0
Cuevas09,X2577_1,RT,RT:T39A,39,A,0
Cuevas09,X2577_1,RT,RT:E40D,40,D,1
Cuevas09,X2577_1,RT,RT:D121Y,121,Y,0
Cuevas09,X2577_1,RT,RT:K122E,122,E,0
Cuevas09,X2577_1,RT,RT:I135T,135,T,0
Cuevas09,X2577_1,RT,RT:S162C,162,C,0
Cuevas09,X2577_1,RT,RT:T200A,200,A,0
Cuevas09,X2577_1,RT,RT:E204N,204,N,0
Cuevas09,X2577_1,RT,RT:A272P,272,P,0
Cuevas09,X2578_1,RT,RT:K11T,11,T,1
Cuevas09,X2578_1,RT,RT:K20R,20,R,1
Cuevas09,X2578_1,RT,RT:V35M,35,M,0
Cuevas09,X2578_1,RT,RT:D177E,177,E,0
Cuevas09,X2578_1,RT,RT:T200A,200,A,0
Cuevas09,X2578_1,RT,RT:Q207K,207,K,0
Cuevas09,X2578_1,RT,RT:R211S,211,S,0
Cuevas09,X2578_1,RT,RT:A272P,272,P,0
Cuevas09,X2578_1,RT,RT:K277R,277,R,0
Cuevas09,X2578_1,RT,RT:I293V,293,V,0
Cuevas09,X2578_1,RT,RT:E297Q,297,Q,0
Cuevas09,X2578_1,RT,RT:Q330R,330,R,0
Cuevas09,X2592_1,RT,RT:E6D,6,D,0
Cuevas09,X2592_1,RT,RT:V35A,35,A,0
Cuevas09,X2592_1,RT,RT:T39A,39,A,0
Cuevas09,X2592_1,RT,RT:V60I,60,I,0
Cuevas09,X2592_1,RT,RT:I135V,135,V,0
Cuevas09,X2592_1,RT,RT:I142V,142,V,0
Cuevas09,X2592_1,RT,RT:S162C,162,C,0
Cuevas09,X2592_1,RT,RT:E169D,169,D,0
Cuevas09,X2592_1,RT,RT:K173T,173,T,0
Cuevas09,X2592_1,RT,RT:Q174K,174,K,0
Cuevas09,X2592_1,RT,RT:T200A,200,A,0
Cuevas09,X2592_1,RT,RT:Q207E,207,E,0
Cuevas09,X2592_1,RT,RT:R211T,211,T,0
Cuevas09,X2592_1,RT,RT:V245Q,245,Q,0
Cuevas09,X2592_1,RT,RT:E248D,248,D,0
Cuevas09,X2592_1,RT,RT:A272Q,272,Q,0
Cuevas09,X2592_1,RT,RT:V276I,276,I,0
Cuevas09,X2592_1,RT,RT:K277R,277,R,0
Cuevas09,X2592_1,RT,RT:T286A,286,A,0
Cuevas09,X2592_1,RT,RT:E291D,291,D,0
Cuevas09,X2592_1,RT,RT:V292I,292,I,0
Cuevas09,X2592_1,RT,RT:I293V,293,V,0
Cuevas09,X2592_1,RT,RT:E297A,297,A,0
Cuevas09,X2595_1,RT,RT:S68G,68,G,0
Cuevas09,X2595_1,RT,RT:R83K,83,K,0
Cuevas09,X2595_1,RT,RT:K122P,122,P,0
Cuevas09,X2595_1,RT,RT:D123E,123,E,0
Cuevas09,X2595_1,RT,RT:D177E,177,E,0
Cuevas09,X2595_1,RT,RT:G190E,190,E,0
Cuevas09,X2595_1,RT,RT:T200I,200,I,0
Cuevas09,X2595_1,RT,RT:R211K,211,K,0
Cuevas09,X2595_1,RT,RT:T215S,215,S,0
Cuevas09,X2595_1,RT,RT:A272P,272,P,0
Cuevas09,X2595_1,RT,RT:K275R,275,R,0
Cuevas09,X2595_1,RT,RT:K277R,277,R,0
Cuevas09,X2595_1,RT,RT:V292I,292,I,0
Cuevas09,X2595_1,RT,RT:E297K,297,K,0
Cuevas09,X2597_1,RT,RT:D123E,123,E,0
Cuevas09,X2597_1,RT,RT:D177E,177,E,0
Cuevas09,X2597_1,RT,RT:G196E,196,E,0
Cuevas09,X2597_1,RT,RT:R211K,211,K,0
Cuevas09,X2597_1,RT,RT:V245T,245,T,0
Cuevas09,X2597_1,RT,RT:A272G,272,G,0
Cuevas09,X2597_1,RT,RT:K287Q,287,Q,0
Cuevas09,X2597_1,RT,RT:N306T,306,T,0
Cuevas09,X2607_1,RT,RT:K122E,122,E,0
Cuevas09,X2607_1,RT,RT:I135T,135,T,1
Cuevas09,X2607_1,RT,RT:R211K,211,K,0
Cuevas09,X2607_1,RT,RT:F214L,214,L,0
Cuevas09,X2607_1,RT,RT:V245K,245,K,0
Cuevas09,X2607_1,RT,RT:A272P,272,P,0
Cuevas09,X2607_1,RT,RT:T286A,286,A,0
Cuevas09,X2607_1,RT,RT:E297R,297,R,0
Cuevas09,X2607_1,RT,RT:L310I,310,I,0
Cuevas09,X2607_1,RT,RT:I326V,326,V,0
Cuevas09,X2607_1,RT,RT:Q334E,334,E,0
Cuevas09,X2613_1,RT,RT:D123E,123,E,0
Cuevas09,X2613_1,RT,RT:D177E,177,E,0
Cuevas09,X2613_1,RT,RT:V189I,189,I,0
Cuevas09,X2613_1,RT,RT:Q207A,207,A,0
Cuevas09,X2613_1,RT,RT:R211K,211,K,0
Cuevas09,X2613_1,RT,RT:F214L,214,L,0
Cuevas09,X2613_1,RT,RT:T286A,286,A,0
Cuevas09,X2613_1,RT,RT:P294L,294,L,0
Cuevas09,X2613_1,RT,RT:E302R,302,R,0
Cuevas09,X2613_1,RT,RT:L303M,303,M,0
Cuevas09,X2618_1,RT,RT:K20R,20,R,0
Cuevas09,X2618_1,RT,RT:V60I,60,I,0
Cuevas09,X2618_1,RT,RT:D123E,123,E,0
Cuevas09,X2618_1,RT,RT:I135R,135,R,0
Cuevas09,X2618_1,RT,RT:S162C,162,C,0
Cuevas09,X2618_1,RT,RT:K166R,166,R,0
Cuevas09,X2618_1,RT,RT:D177E,177,E,0
Cuevas09,X2618_1,RT,RT:T200I,200,I,0
Cuevas09,X2618_1,RT,RT:I244V,244,V,0
Cuevas09,X2618_1,RT,RT:A272P,272,P,0
Cuevas09,X2618_1,RT,RT:K277R,277,R,0
Cuevas09,X2618_1,RT,RT:I293V,293,V,0
Cuevas09,X2618_1,RT,RT:P294Q,294,Q,0
Cuevas09,X2619_1,RT,RT:V21I,21,I,0
Cuevas09,X2619_1,RT,RT:V60I,60,I,0
Cuevas09,X2619_1,RT,RT:K104R,104,R,0
Cuevas09,X2619_1,RT,RT:D121Y,121,Y,0
Cuevas09,X2619_1,RT,RT:K122E,122,E,0
Cuevas09,X2619_1,RT,RT:I135T,135,T,0
Cuevas09,X2619_1,RT,RT:S162A,162,A,0
Cuevas09,X2619_1,RT,RT:T200K,200,K,0
Cuevas09,X2619_1,RT,RT:R211K,211,K,0
Cuevas09,X2620_1,RT,RT:K104R,104,R,0
Cuevas09,X2620_1,RT,RT:S162C,162,C,0
Cuevas09,X2620_1,RT,RT:Q174H,174,H,0
Cuevas09,X2620_1,RT,RT:G196E,196,E,0
Cuevas09,X2620_1,RT,RT:Q207P,207,P,0
Cuevas09,X2620_1,RT,RT:R211K,211,K,0
Cuevas09,X2620_1,RT,RT:V245T,245,T,0
Cuevas09,X2620_1,RT,RT:E248D,248,D,0
Cuevas09,X2620_1,RT,RT:A272P,272,P,0
Cuevas09,X2620_1,RT,RT:E297K,297,K,0
Cuevas09,X2620_1,RT,RT:I326V,326,V,0
Cuevas09,X2620_1,RT,RT:I329L,329,L,0
Cuevas09,X2622_2,RT,RT:K49R,49,R,0
Cuevas09,X2622_2,RT,RT:V60I,60,I,1
Cuevas09,X2622_2,RT,RT:R83K,83,K,0
Cuevas09,X2622_2,RT,RT:D123E,123,E,0
Cuevas09,X2622_2,RT,RT:I135T,135,T,0
Cuevas09,X2622_2,RT,RT:E194K,194,K,0
Cuevas09,X2622_2,RT,RT:T200I,200,I,0
Cuevas09,X2622_2,RT,RT:R211K,211,K,0
Cuevas09,X2622_2,RT,RT:R284K,284,K,0
Cuevas09,X2622_2,RT,RT:T286A,286,A,0
Cuevas09,X2622_2,RT,RT:I293V,293,V,0
Cuevas09,X2622_2,RT,RT:E297K,297,K,0
Cuevas09,X2622_2,RT,RT:K311R,311,R,0
Cuevas09,X2622_2,RT,RT:I326V,326,V,0
Cuevas09,X2622_2,RT,RT:Q334L,334,L,0
Cuevas09,X2622_2,RT,RT:M357T,357,T,0
Cuevas09,X2624_1,RT,RT:K70N,70,N,0
Cuevas09,X2624_1,RT,RT:D121N,121,N,0
Cuevas09,X2624_1,RT,RT:I135T,135,T,0
Cuevas09,X2624_1,RT,RT:Q207E,207,E,0
Cuevas09,X2624_1,RT,RT:V245Q,245,Q,0
Cuevas09,X2624_1,RT,RT:T286A,286,A,0
Cuevas09,X2624_1,RT,RT:A288T,288,T,0
Cuevas09,X2624_1,RT,RT:S322T,322,T,0
Cuevas09,X2629_1,RT,RT:K122R,122,R,0
Cuevas09,X2629_1,RT,RT:D123E,123,E,0
Cuevas09,X2629_1,RT,RT:S162C,162,C,0
Cuevas09,X2629_1,RT,RT:R172K,172,K,0
Cuevas09,X2629_1,RT,RT:D177E,177,E,0
Cuevas09,X2629_1,RT,RT:I178M,178,M,0
Cuevas09,X2629_1,RT,RT:I180L,180,L,0
Cuevas09,X2629_1,RT,RT:E194K,194,K,0
Cuevas09,X2629_1,RT,RT:A272P,272,P,0
Cuevas09,X2629_1,RT,RT:K277R,277,R,0
Cuevas09,X2629_1,RT,RT:I293V,293,V,0
Cuevas09,X2629_1,RT,RT:G333D,333,D,0
Cuevas09,X2631_1,RT,RT:V35I,35,I,0
Cuevas09,X2631_1,RT,RT:D123E,123,E,0
Cuevas09,X2631_1,RT,RT:R125K,125,K,1
Cuevas09,X2631_1,RT,RT:I135T,135,T,0
Cuevas09,X2631_1,RT,RT:I142V,142,V,0
Cuevas09,X2631_1,RT,RT:E169K,169,K,0
Cuevas09,X2631_1,RT,RT:R172K,172,K,0
Cuevas09,X2631_1,RT,RT:Q174H,174,H,0
Cuevas09,X2631_1,RT,RT:D177E,177,E,0
Cuevas09,X2631_1,RT,RT:R211Q,211,Q,0
Cuevas09,X2631_1,RT,RT:F214L,214,L,0
Cuevas09,X2631_1,RT,RT:D250E,250,E,0
Cuevas09,X2631_1,RT,RT:K277R,277,R,0
Cuevas09,X2631_1,RT,RT:T286A,286,A,0
Cuevas09,X2631_1,RT,RT:P294T,294,T,0
Cuevas09,X2631_1,RT,RT:E297K,297,K,0
Cuevas09,X2631_1,RT,RT:I329L,329,L,0
Cuevas09,X2632_1,RT,RT:E6D,6,D,0
Cuevas09,X2632_1,RT,RT:T39A,39,A,0
Cuevas09,X2632_1,RT,RT:V60I,60,I,0
Cuevas09,X2632_1,RT,RT:D123E,123,E,0
Cuevas09,X2632_1,RT,RT:I135V,135,V,0
Cuevas09,X2632_1,RT,RT:I142V,142,V,0
Cuevas09,X2632_1,RT,RT:S162C,162,C,0
Cuevas09,X2632_1,RT,RT:E169N,169,N,0
Cuevas09,X2632_1,RT,RT:K173A,173,A,0
Cuevas09,X2632_1,RT,RT:Q174K,174,K,0
Cuevas09,X2632_1,RT,RT:I178L,178,L,0
Cuevas09,X2632_1,RT,RT:T200A,200,A,0
Cuevas09,X2632_1,RT,RT:Q207N,207,N,0
Cuevas09,X2632_1,RT,RT:R211K,211,K,0
Cuevas09,X2632_1,RT,RT:V245Q,245,Q,0
Cuevas09,X2632_1,RT,RT:E248N,248,N,0
Cuevas09,X2632_1,RT,RT:A272P,272,P,0
Cuevas09,X2632_1,RT,RT:K277R,277,R,0
Cuevas09,X2632_1,RT,RT:T286A,286,A,0
Cuevas09,X2632_1,RT,RT:E291D,291,D,0
Cuevas09,X2632_1,RT,RT:V292I,292,I,0
Cuevas09,X2632_1,RT,RT:I293V,293,V,0
Cuevas09,X2634_1,RT,RT:V35T,35,T,0
Cuevas09,X2634_1,RT,RT:V60I,60,I,0
Cuevas09,X2634_1,RT,RT:K122E,122,E,0
Cuevas09,X2634_1,RT,RT:D123S,123,S,0
Cuevas09,X2634_1,RT,RT:E138A,138,A,0
Cuevas09,X2634_1,RT,RT:S162C,162,C,0
Cuevas09,X2634_1,RT,RT:K173I,173,I,0
Cuevas09,X2634_1,RT,RT:Q174K,174,K,0
Cuevas09,X2634_1,RT,RT:V179E,179,E,0
Cuevas09,X2634_1,RT,RT:T200A,200,A,0
Cuevas09,X2634_1,RT,RT:Q207K,207,K,0
Cuevas09,X2634_1,RT,RT:R211S,211,S,0
Cuevas09,X2634_1,RT,RT:V245Q,245,Q,0
Cuevas09,X2634_1,RT,RT:E248D,248,D,0
Cuevas09,X2634_1,RT,RT:A272P,272,P,0
Cuevas09,X2634_1,RT,RT:K281R,281,R,0
Cuevas09,X2634_1,RT,RT:T286A,286,A,0
Cuevas09,X2634_1,RT,RT:E291D,291,D,0
Cuevas09,X2634_1,RT,RT:V292I,292,I,0
Cuevas09,X2634_1,RT,RT:I293V,293,V,0
Cuevas09,X2642_1,RT,RT:K32R,32,R,0
Cuevas09,X2642_1,RT,RT:V35I,35,I,0
Cuevas09,X2642_1,RT,RT:K104R,104,R,0
Cuevas09,X2642_1,RT,RT:I135T,135,T,0
Cuevas09,X2642_1,RT,RT:S162C,162,C,0
Cuevas09,X2642_1,RT,RT:Q174H,174,H,0
Cuevas09,X2642_1,RT,RT:G196E,196,E,0
Cuevas09,X2642_1,RT,RT:R211K,211,K,0
Cuevas09,X2642_1,RT,RT:V245T,245,T,0
Cuevas09,X2642_1,RT,RT:E248D,248,D,0
Cuevas09,X2642_1,RT,RT:A272P,272,P,0
Cuevas09,X2642_1,RT,RT:K277R,277,R,0
Cuevas09,X2642_1,RT,RT:E297K,297,K,0
Cuevas09,X2650_1,RT,RT:K20R,20,R,0
Cuevas09,X2650_1,RT,RT:V35L,35,L,0
Cuevas09,X2650_1,RT,RT:K122E,122,E,0
Cuevas09,X2650_1,RT,RT:I135R,135,R,0
Cuevas09,X2650_1,RT,RT:S162C,162,C,0
Cuevas09,X2650_1,RT,RT:T200I,200,I,0
Cuevas09,X2650_1,RT,RT:Q207E,207,E,0
Cuevas09,X2650_1,RT,RT:R211K,211,K,0
Cuevas09,X2650_1,RT,RT:V245Q,245,Q,0
Cuevas09,X2650_1,RT,RT:E248D,248,D,0
Cuevas09,X2650_1,RT,RT:R284K,284,K,0
Cuevas09,X2650_1,RT,RT:T286A,286,A,0
Cuevas09,X2650_1,RT,RT:E297A,297,A,0
Cuevas09,X2650_1,RT,RT:E312A,312,A,0
Cuevas09,X2650_1,RT,RT:V314I,314,I,0
Cuevas09,X2650_1,RT,RT:I326V,326,V,0
Cuevas09,X2650_1,RT,RT:I329L,329,L,0
Cuevas09,X2654_1,RT,RT:K122E,122,E,0
Cuevas09,X2654_1,RT,RT:D123E,123,E,0
Cuevas09,X2654_1,RT,RT:I142V,142,V,0
Cuevas09,X2654_1,RT,RT:T200A,200,A,0
Cuevas09,X2654_1,RT,RT:R211K,211,K,0
Cuevas09,X2654_1,RT,RT:V245E,245,E,0
Cuevas09,X2657_1,RT,RT:E6D,6,D,0
Cuevas09,X2657_1,RT,RT:V35A,35,A,0
Cuevas09,X2657_1,RT,RT:T39A,39,A,0
Cuevas09,X2657_1,RT,RT:V60I,60,I,0
Cuevas09,X2657_1,RT,RT:I135V,135,V,0
Cuevas09,X2657_1,RT,RT:I142V,142,V,0
Cuevas09,X2657_1,RT,RT:S162C,162,C,0
Cuevas09,X2657_1,RT,RT:E169D,169,D,0
Cuevas09,X2657_1,RT,RT:K173T,173,T,0
Cuevas09,X2657_1,RT,RT:Q174K,174,K,0
Cuevas09,X2657_1,RT,RT:T200A,200,A,0
Cuevas09,X2657_1,RT,RT:Q207E,207,E,0
Cuevas09,X2657_1,RT,RT:R211T,211,T,0
Cuevas09,X2657_1,RT,RT:V245Q,245,Q,0
Cuevas09,X2657_1,RT,RT:E248D,248,D,0
Cuevas09,X2657_1,RT,RT:A272P,272,P,0
Cuevas09,X2657_1,RT,RT:K277R,277,R,0
Cuevas09,X2657_1,RT,RT:T286A,286,A,0
Cuevas09,X2657_1,RT,RT:E291D,291,D,0
Cuevas09,X2657_1,RT,RT:V292I,292,I,0
Cuevas09,X2657_1,RT,RT:I293V,293,V,0
Cuevas09,X2657_1,RT,RT:E297V,297,V,0
Cuevas09,X2657_1,RT,RT:S322T,322,T,0
Cuevas09,X2657_1,RT,RT:D324E,324,E,0
Cuevas09,X2658_1,RT,RT:A98S,98,S,0
Cuevas09,X2658_1,RT,RT:K102Q,102,Q,0
Cuevas09,X2658_1,RT,RT:D123E,123,E,0
Cuevas09,X2658_1,RT,RT:Q174G,174,G,0
Cuevas09,X2658_1,RT,RT:T200A,200,A,0
Cuevas09,X2658_1,RT,RT:R211K,211,K,0
Cuevas09,X2658_1,RT,RT:A272P,272,P,0
Cuevas09,X2658_1,RT,RT:I293V,293,V,0
Cuevas09,X2676_1,RT,RT:V35T,35,T,0
Cuevas09,X2676_1,RT,RT:V60I,60,I,0
Cuevas09,X2676_1,RT,RT:A98S,98,S,0
Cuevas09,X2676_1,RT,RT:K122E,122,E,0
Cuevas09,X2676_1,RT,RT:D123S,123,S,0
Cuevas09,X2676_1,RT,RT:I135T,135,T,0
Cuevas09,X2676_1,RT,RT:I142V,142,V,0
Cuevas09,X2676_1,RT,RT:K173I,173,I,0
Cuevas09,X2676_1,RT,RT:Q174K,174,K,0
Cuevas09,X2676_1,RT,RT:D177E,177,E,0
Cuevas09,X2676_1,RT,RT:T200A,200,A,0
Cuevas09,X2676_1,RT,RT:Q207K,207,K,0
Cuevas09,X2676_1,RT,RT:R211S,211,S,0
Cuevas09,X2676_1,RT,RT:V245Q,245,Q,0
Cuevas09,X2676_1,RT,RT:E248D,248,D,0
Cuevas09,X2676_1,RT,RT:D250E,250,E,0
Cuevas09,X2677_1,RT,RT:V35T,35,T,0
Cuevas09,X2677_1,RT,RT:K49R,49,R,0
Cuevas09,X2677_1,RT,RT:V60I,60,I,0
Cuevas09,X2677_1,RT,RT:A98S,98,S,0
Cuevas09,X2677_1,RT,RT:K101N,101,N,0
Cuevas09,X2677_1,RT,RT:K122E,122,E,0
Cuevas09,X2677_1,RT,RT:D123S,123,S,0
Cuevas09,X2677_1,RT,RT:I135R,135,R,0
Cuevas09,X2677_1,RT,RT:K173I,173,I,0
Cuevas09,X2677_1,RT,RT:Q174K,174,K,0
Cuevas09,X2677_1,RT,RT:D177E,177,E,0
Cuevas09,X2677_1,RT,RT:T200A,200,A,0
Cuevas09,X2677_1,RT,RT:Q207K,207,K,0
Cuevas09,X2677_1,RT,RT:R211S,211,S,0
Cuevas09,X2677_1,RT,RT:V245Q,245,Q,0
Cuevas09,X2677_1,RT,RT:E248D,248,D,0
Cuevas09,X2677_1,RT,RT:D250E,250,E,0
Cuevas09,X2677_1,RT,RT:A272P,272,P,0
Cuevas09,X2677_1,RT,RT:T286A,286,A,0
Cuevas09,X2677_1,RT,RT:E291D,291,D,0
Cuevas09,X2677_1,RT,RT:V292I,292,I,0
Cuevas09,X2677_1,RT,RT:I293V,293,V,0
Cuevas09,X2677_1,RT,RT:E297A,297,A,0
Cuevas09,X2677_1,RT,RT:V317A,317,A,0
Cuevas09,X2682_1,RT,RT:K43N,43,N,0
Cuevas09,X2682_1,RT,RT:S68G,68,G,0
Cuevas09,X2682_1,RT,RT:I135R,135,R,0
Cuevas09,X2682_1,RT,RT:S162A,162,A,0
Cuevas09,X2682_1,RT,RT:Q207E,207,E,0
Cuevas09,X2682_1,RT,RT:R211G,211,G,0
Cuevas09,X2682_1,RT,RT:V245T,245,T,0
Cuevas09,X2682_1,RT,RT:A272P,272,P,0
Cuevas09,X2682_1,RT,RT:K277R,277,R,0
Cuevas09,X2684_1,RT,RT:V60I,60,I,0
Cuevas09,X2684_1,RT,RT:K104R,104,R,0
Cuevas09,X2684_1,RT,RT:D121Y,121,Y,0
Cuevas09,X2684_1,RT,RT:K122E,122,E,0
Cuevas09,X2684_1,RT,RT:I135T,135,T,0
Cuevas09,X2684_1,RT,RT:S162A,162,A,0
Cuevas09,X2684_1,RT,RT:I178M,178,M,0
Cuevas09,X2684_1,RT,RT:T200K,200,K,0
Cuevas09,X2684_1,RT,RT:V245K,245,K,0
Cuevas09,X2684_1,RT,RT:L283I,283,I,0
Cuevas09,X2684_1,RT,RT:R284K,284,K,0
Cuevas09,X2684_1,RT,RT:T286V,286,V,0
Cuevas09,X2684_1,RT,RT:A288S,288,S,0
Cuevas09,X2684_1,RT,RT:I293V,293,V,0
Cuevas09,X2684_1,RT,RT:D324E,324,E,0
Cuevas09,X2684_1,RT,RT:I329L,329,L,0
Cuevas09,X2685_1,RT,RT:V35I,35,I,0
Cuevas09,X2685_1,RT,RT:R83K,83,K,0
Cuevas09,X2685_1,RT,RT:K103N,103,N,0
Cuevas09,X2685_1,RT,RT:D123E,123,E,0
Cuevas09,X2685_1,RT,RT:D177G,177,G,0
Cuevas09,X2685_1,RT,RT:V179I,179,I,0
Cuevas09,X2685_1,RT,RT:T200I,200,I,0
Cuevas09,X2685_1,RT,RT:R211K,211,K,0
Cuevas09,X2685_1,RT,RT:A272P,272,P,0
Cuevas09,X2685_1,RT,RT:K277R,277,R,0
Cuevas09,X2685_1,RT,RT:L283I,283,I,0
Cuevas09,X2685_1,RT,RT:I293V,293,V,0
Cuevas09,X2686_1,RT,RT:D123E,123,E,0
Cuevas09,X2686_1,RT,RT:I142V,142,V,0
Cuevas09,X2686_1,RT,RT:S162N,162,N,0
Cuevas09,X2686_1,RT,RT:I178M,178,M,0
Cuevas09,X2686_1,RT,RT:Q207R,207,R,0
Cuevas09,X2686_1,RT,RT:K277R,277,R,0
Cuevas09,X2686_1,RT,RT:E297A,297,A,0
Cuevas09,X2686_1,RT,RT:I326V,326,V,0
Cuevas09,X2686_1,RT,RT:I329L,329,L,0
Cuevas09,X2687_1,RT,RT:V35I,35,I,0
Cuevas09,X2687_1,RT,RT:E40D,40,D,0
Cuevas09,X2687_1,RT,RT:K49R,49,R,0
Cuevas09,X2687_1,RT,RT:V106I,106,I,0
Cuevas09,X2687_1,RT,RT:D123E,123,E,0
Cuevas09,X2687_1,RT,RT:I135L,135,L,0
Cuevas09,X2687_1,RT,RT:S162C,162,C,0
Cuevas09,X2687_1,RT,RT:E169D,169,D,0
Cuevas09,X2687_1,RT,RT:K173A,173,A,0
Cuevas09,X2687_1,RT,RT:Q174K,174,K,0
Cuevas09,X2687_1,RT,RT:D177G,177,G,0
Cuevas09,X2687_1,RT,RT:I178L,178,L,0
Cuevas09,X2687_1,RT,RT:T200A,200,A,0
Cuevas09,X2687_1,RT,RT:Q207D,207,D,0
Cuevas09,X2687_1,RT,RT:R211K,211,K,0
Cuevas09,X2687_1,RT,RT:V245Q,245,Q,0
Cuevas09,X2687_1,RT,RT:E248D,248,D,0
Cuevas09,X2687_1,RT,RT:A272P,272,P,0
Cuevas09,X2687_1,RT,RT:T286A,286,A,0
Cuevas09,X2687_1,RT,RT:E291D,291,D,0
Cuevas09,X2687_1,RT,RT:V292I,292,I,0
Cuevas09,X2687_1,RT,RT:I293V,293,V,0
Cuevas09,X2687_1,RT,RT:P294T,294,T,0
Cuevas09,X2687_1,RT,RT:E297A,297,A,0
Cuevas09,X2687_1,RT,RT:I329V,329,V,0
Cuevas09,X2688_1,RT,RT:V35T,35,T,0
Cuevas09,X2688_1,RT,RT:T39E,39,E,0
Cuevas09,X2688_1,RT,RT:S48T,48,T,0
Cuevas09,X2688_1,RT,RT:K49R,49,R,0
Cuevas09,X2688_1,RT,RT:V60I,60,I,0
Cuevas09,X2688_1,RT,RT:K122E,122,E,0
Cuevas09,X2688_1,RT,RT:D123N,123,N,0
Cuevas09,X2688_1,RT,RT:T139K,139,K,0
Cuevas09,X2688_1,RT,RT:S162Y,162,Y,0
Cuevas09,X2688_1,RT,RT:K173T,173,T,0
Cuevas09,X2688_1,RT,RT:Q174H,174,H,0
Cuevas09,X2688_1,RT,RT:T200A,200,A,0
Cuevas09,X2688_1,RT,RT:Q207E,207,E,0
Cuevas09,X2688_1,RT,RT:R211N,211,N,0
Cuevas09,X2688_1,RT,RT:V245Q,245,Q,0
Cuevas09,X2688_1,RT,RT:A272P,272,P,0
Cuevas09,X2688_1,RT,RT:K277R,277,R,0
Cuevas09,X2688_1,RT,RT:L279M,279,M,0
Cuevas09,X2688_1,RT,RT:T286A,286,A,0
Cuevas09,X2688_1,RT,RT:E291D,291,D,0
Cuevas09,X2688_1,RT,RT:V292I,292,I,0
Cuevas09,X2688_1,RT,RT:I293V,293,V,0
Cuevas09,X2689_1,RT,RT:V35I,35,I,0
Cuevas09,X2689_1,RT,RT:V108I,108,I,0
Cuevas09,X2689_1,RT,RT:V118I,118,I,0
Cuevas09,X2689_1,RT,RT:K122E,122,E,0
Cuevas09,X2689_1,RT,RT:I135T,135,T,0
Cuevas09,X2689_1,RT,RT:T200E,200,E,0
Cuevas09,X2689_1,RT,RT:E203K,203,K,0
Cuevas09,X2689_1,RT,RT:L210M,210,M,0
Cuevas09,X2689_1,RT,RT:F214L,214,L,0
Cuevas09,X2689_1,RT,RT:K223T,223,T,0
Cuevas09,X2689_1,RT,RT:F227L,227,L,0
Cuevas09,X2689_1,RT,RT:A272P,272,P,0
Cuevas09,X2689_1,RT,RT:K277R,277,R,0
Cuevas09,X2691_1,RT,RT:K49R,49,R,0
Cuevas09,X2691_1,RT,RT:V60I,60,I,0
Cuevas09,X2691_1,RT,RT:V90I,90,I,0
Cuevas09,X2691_1,RT,RT:D123E,123,E,0
Cuevas09,X2691_1,RT,RT:I135T,135,T,0
Cuevas09,X2691_1,RT,RT:I142V,142,V,0
Cuevas09,X2691_1,RT,RT:S163A,163,A,0
Cuevas09,X2691_1,RT,RT:K166T,166,T,0
Cuevas09,X2691_1,RT,RT:F171Y,171,Y,0
Cuevas09,X2691_1,RT,RT:I178M,178,M,0
Cuevas09,X2691_1,RT,RT:T200A,200,A,0
Cuevas09,X2691_1,RT,RT:K201R,201,R,0
Cuevas09,X2691_1,RT,RT:I202V,202,V,0
Cuevas09,X2691_1,RT,RT:R211K,211,K,0
Cuevas09,X2691_1,RT,RT:A272P,272,P,0
Cuevas09,X2691_1,RT,RT:K277R,277,R,0
Cuevas09,X2691_1,RT,RT:T286A,286,A,0
Cuevas09,X2691_1,RT,RT:P294T,294,T,0
Cuevas09,X2691_1,RT,RT:K311R,311,R,0
Cuevas09,X2691_1,RT,RT:D324E,324,E,0
Cuevas09,X2692_1,RT,RT:V35T,35,T,0
Cuevas09,X2692_1,RT,RT:K49R,49,R,0
Cuevas09,X2692_1,RT,RT:V60I,60,I,0
Cuevas09,X2692_1,RT,RT:A98S,98,S,0
Cuevas09,X2692_1,RT,RT:K122E,122,E,0
Cuevas09,X2692_1,RT,RT:D123N,123,N,0
Cuevas09,X2692_1,RT,RT:I135T,135,T,0
Cuevas09,X2692_1,RT,RT:S162C,162,C,0
Cuevas09,X2692_1,RT,RT:K173I,173,I,0
Cuevas09,X2692_1,RT,RT:Q174K,174,K,0
Cuevas09,X2692_1,RT,RT:D177E,177,E,0
Cuevas09,X2692_1,RT,RT:T200A,200,A,0
Cuevas09,X2692_1,RT,RT:Q207K,207,K,0
Cuevas09,X2692_1,RT,RT:R211S,211,S,0
Cuevas09,X2692_1,RT,RT:V245Q,245,Q,0
Cuevas09,X2692_1,RT,RT:E248D,248,D,0
Cuevas09,X2692_1,RT,RT:D250E,250,E,0
Cuevas09,X2692_1,RT,RT:A272P,272,P,0
Cuevas09,X2692_1,RT,RT:T286A,286,A,0
Cuevas09,X2692_1,RT,RT:E291D,291,D,0
Cuevas09,X2692_1,RT,RT:V292I,292,I,0
Cuevas09,X2692_1,RT,RT:I293V,293,V,0
Cuevas09,X2692_1,RT,RT:E297A,297,A,0
Cuevas09,X2693_1,RT,RT:V35T,35,T,0
Cuevas09,X2693_1,RT,RT:V60I,60,I,0
Cuevas09,X2693_1,RT,RT:A98S,98,S,0
Cuevas09,X2693_1,RT,RT:K103N,103,N,0
Cuevas09,X2693_1,RT,RT:K122E,122,E,0
Cuevas09,X2693_1,RT,RT:D123S,123,S,0
Cuevas09,X2693_1,RT,RT:K173R,173,R,0
Cuevas09,X2693_1,RT,RT:Q174K,174,K,0
Cuevas09,X2693_1,RT,RT:T200A,200,A,0
Cuevas09,X2693_1,RT,RT:Q207K,207,K,0
Cuevas09,X2693_1,RT,RT:R211N,211,N,0
Cuevas09,X2693_1,RT,RT:V245Q,245,Q,0
Cuevas09,X2693_1,RT,RT:E248D,248,D,0
Cuevas09,X2693_1,RT,RT:D250E,250,E,0
Cuevas09,X2693_1,RT,RT:A272P,272,P,0
Cuevas09,X2693_1,RT,RT:T286A,286,A,0
Cuevas09,X2693_1,RT,RT:V292I,292,I,0
Cuevas09,X2693_1,RT,RT:I293V,293,V,0
Cuevas09,X2693_1,RT,RT:E297A,297,A,0
Cuevas09,X2694_1,RT,RT:K49R,49,R,0
Cuevas09,X2694_1,RT,RT:V60I,60,I,0
Cuevas09,X2694_1,RT,RT:A98S,98,S,0
Cuevas09,X2694_1,RT,RT:D123E,123,E,0
Cuevas09,X2694_1,RT,RT:S162D,162,D,0
Cuevas09,X2694_1,RT,RT:D177E,177,E,0
Cuevas09,X2694_1,RT,RT:Q207E,207,E,0
Cuevas09,X2694_1,RT,RT:R211K,211,K,0
Cuevas09,X2695_1,RT,RT:K32N,32,N,0
Cuevas09,X2695_1,RT,RT:V118I,118,I,0
Cuevas09,X2695_1,RT,RT:I135R,135,R,0
Cuevas09,X2695_1,RT,RT:I142T,142,T,0
Cuevas09,X2695_1,RT,RT:S162C,162,C,0
Cuevas09,X2695_1,RT,RT:G196E,196,E,0
Cuevas09,X2695_1,RT,RT:T200I,200,I,0
Cuevas09,X2695_1,RT,RT:E203G,203,G,0
Cuevas09,X2695_1,RT,RT:R211G,211,G,0
Cuevas09,X2695_1,RT,RT:F214L,214,L,0
Cuevas09,X2695_1,RT,RT:A272P,272,P,0
Cuevas09,X2695_1,RT,RT:K277R,277,R,0
Cuevas09,X2697_1,RT,RT:R83K,83,K,0
Cuevas09,X2697_1,RT,RT:S162Y,162,Y,0
Cuevas09,X2697_1,RT,RT:D177E,177,E,0
Cuevas09,X2697_1,RT,RT:I178M,178,M,0
Cuevas09,X2697_1,RT,RT:G196E,196,E,0
Cuevas09,X2697_1,RT,RT:E204K,204,K,0
Cuevas09,X2697_1,RT,RT:Q207D,207,D,0
Cuevas09,X2697_1,RT,RT:R211K,211,K,0
Cuevas09,X2697_1,RT,RT:E224D,224,D,0
Cuevas09,X2697_1,RT,RT:K281R,281,R,0
Cuevas09,X2697_1,RT,RT:I293V,293,V,0
Cuevas09,X2697_1,RT,RT:E297K,297,K,0
Cuevas09,X2709_1,RT,RT:I135T,135,T,0
Cuevas09,X2709_1,RT,RT:Q207E,207,E,0
Cuevas09,X2709_1,RT,RT:R211K,211,K,0
Cuevas09,X2709_1,RT,RT:A272P,272,P,0
Cuevas09,X2709_1,RT,RT:T286A,286,A,0
Cuevas09,X2709_1,RT,RT:V292I,292,I,0
Cuevas09,X2709_1,RT,RT:K311R,311,R,0
Cuevas09,X2709_1,RT,RT:Q334L,334,L,0
Cuevas09,X2709_1,RT,RT:G335D,335,D,0
Cuevas09,X2709_1,RT,RT:M357T,357,T,0
Cuevas09,X2711_1,RT,RT:K20R,20,R,0
Cuevas09,X2711_1,RT,RT:V35T,35,T,0
Cuevas09,X2711_1,RT,RT:E40D,40,D,0
Cuevas09,X2711_1,RT,RT:K49R,49,R,0
Cuevas09,X2711_1,RT,RT:V60I,60,I,0
Cuevas09,X2711_1,RT,RT:K122E,122,E,0
Cuevas09,X2711_1,RT,RT:D123N,123,N,0
Cuevas09,X2711_1,RT,RT:K173L,173,L,0
Cuevas09,X2711_1,RT,RT:Q174K,174,K,0
Cuevas09,X2711_1,RT,RT:D177E,177,E,0
Cuevas09,X2711_1,RT,RT:V179I,179,I,0
Cuevas09,X2711_1,RT,RT:T200A,200,A,0
Cuevas09,X2711_1,RT,RT:Q207A,207,A,0
Cuevas09,X2711_1,RT,RT:R211S,211,S,0
Cuevas09,X2711_1,RT,RT:V245M,245,M,0
Cuevas09,X2711_1,RT,RT:D250E,250,E,0
Cuevas09,X2711_1,RT,RT:I274V,274,V,0
Cuevas09,X2711_1,RT,RT:T286A,286,A,0
Cuevas09,X2711_1,RT,RT:E291D,291,D,0
Cuevas09,X2711_1,RT,RT:V292I,292,I,0
Cuevas09,X2711_1,RT,RT:I293V,293,V,0
Cuevas09,X2711_1,RT,RT:P294I,294,I,0
Cuevas09,X2711_1,RT,RT:E312N,312,N,0
Cuevas09,X2711_1,RT,RT:G335D,335,D,0
Cuevas09,X2711_1,RT,RT:M357K,357,K,0
Cuevas09,X2711_1,RT,RT:G359S,359,S,0
Cuevas09,X2712_1,RT,RT:M41L,41,L,0
Cuevas09,X2712_1,RT,RT:V60I,60,I,0
Cuevas09,X2712_1,RT,RT:S68G,68,G,0
Cuevas09,X2712_1,RT,RT:K122P,122,P,0
Cuevas09,X2712_1,RT,RT:K166R,166,R,0
Cuevas09,X2712_1,RT,RT:D177E,177,E,0
Cuevas09,X2712_1,RT,RT:T200I,200,I,0
Cuevas09,X2712_1,RT,RT:L210W,210,W,0
Cuevas09,X2712_1,RT,RT:R211K,211,K,0
Cuevas09,X2712_1,RT,RT:T215S,215,S,0
Cuevas09,X2712_1,RT,RT:V245L,245,L,0
Cuevas09,X2712_1,RT,RT:A272P,272,P,0
Cuevas09,X2712_1,RT,RT:K277R,277,R,0
Cuevas09,X2712_1,RT,RT:T286A,286,A,0
Cuevas09,X2712_1,RT,RT:V292I,292,I,0
Cuevas09,X2712_1,RT,RT:E297K,297,K,0
Cuevas09,X2712_1,RT,RT:Q334E,334,E,0
Cuevas09,X2712_1,RT,RT:K347Q,347,Q,0
Cuevas09,X2712_1,RT,RT:R356K,356,K,0
Cuevas09,X2712_1,RT,RT:M357L,357,L,0
Cuevas09,X2712_1,RT,RT:A360T,360,T,0
Cuevas09,X2713_1,RT,RT:V35I,35,I,0
Cuevas09,X2713_1,RT,RT:V60I,60,I,0
Cuevas09,X2713_1,RT,RT:V106M,106,M,0
Cuevas09,X2713_1,RT,RT:I135T,135,T,0
Cuevas09,X2713_1,RT,RT:K173E,173,E,0
Cuevas09,X2713_1,RT,RT:Q174K,174,K,0
Cuevas09,X2713_1,RT,RT:T200A,200,A,0
Cuevas09,X2713_1,RT,RT:Q207E,207,E,0
Cuevas09,X2713_1,RT,RT:R211K,211,K,0
Cuevas09,X2713_1,RT,RT:F214L,214,L,0
Cuevas09,X2713_1,RT,RT:D237A,237,A,0
Cuevas09,X2713_1,RT,RT:V245M,245,M,0
Cuevas09,X2713_1,RT,RT:A272P,272,P,0
Cuevas09,X2713_1,RT,RT:T286P,286,P,0
Cuevas09,X2713_1,RT,RT:I293V,293,V,0
Cuevas09,X2713_1,RT,RT:P294S,294,S,0
Cuevas09,X2713_1,RT,RT:D324E,324,E,0
Cuevas09,X2713_1,RT,RT:T338S,338,S,0
Cuevas09,X2714_1,RT,RT:V35I,35,I,0
Cuevas09,X2714_1,RT,RT:K122E,122,E,0
Cuevas09,X2714_1,RT,RT:I142T,142,T,0
Cuevas09,X2714_1,RT,RT:R211K,211,K,0
Cuevas09,X2714_1,RT,RT:V245E,245,E,1
Cuevas09,X2714_1,RT,RT:V245Q,245,Q,1
Cuevas09,X2714_1,RT,RT:T286A,286,A,0
Cuevas09,X2714_1,RT,RT:A288G,288,G,0
Cuevas09,X2714_1,RT,RT:V292I,292,I,0
Cuevas09,X2714_1,RT,RT:I293V,293,V,0
Cuevas09,X2714_1,RT,RT:E297K,297,K,0
Cuevas09,X2714_1,RT,RT:A304E,304,E,0
Cuevas09,X2714_1,RT,RT:Q334L,334,L,0
Cuevas09,X2714_1,RT,RT:R356K,356,K,0
Cuevas09,X2714_1,RT,RT:M357A,357,A,0
Cuevas09,X2718_1,RT,RT:V35I,35,I,0
Cuevas09,X2718_1,RT,RT:V60I,60,I,0
Cuevas09,X2718_1,RT,RT:V106M,106,M,0
Cuevas09,X2718_1,RT,RT:I135M,135,M,0
Cuevas09,X2718_1,RT,RT:K173G,173,G,0
Cuevas09,X2718_1,RT,RT:Q174K,174,K,0
Cuevas09,X2718_1,RT,RT:T200A,200,A,0
Cuevas09,X2718_1,RT,RT:Q207E,207,E,0
Cuevas09,X2718_1,RT,RT:R211K,211,K,0
Cuevas09,X2718_1,RT,RT:F214L,214,L,0
Cuevas09,X2718_1,RT,RT:D237T,237,T,0
Cuevas09,X2718_1,RT,RT:V245M,245,M,0
Cuevas09,X2718_1,RT,RT:A272P,272,P,0
Cuevas09,X2718_1,RT,RT:T286P,286,P,0
Cuevas09,X2718_1,RT,RT:I293V,293,V,0
Cuevas09,X2718_1,RT,RT:P294S,294,S,0
Cuevas09,X2718_1,RT,RT:V314I,314,I,0
Cuevas09,X2718_1,RT,RT:D324E,324,E,0
Cuevas09,X2719_1,RT,RT:A98S,98,S,0
Cuevas09,X2719_1,RT,RT:K122Q,122,Q,0
Cuevas09,X2719_1,RT,RT:R211K,211,K,0
Cuevas09,X2719_1,RT,RT:V245M,245,M,0
Cuevas09,X2719_1,RT,RT:A272P,272,P,0
Cuevas09,X2719_1,RT,RT:I293V,293,V,0
Cuevas09,X2720_1,RT,RT:K20R,20,R,0
Cuevas09,X2720_1,RT,RT:V35T,35,T,0
Cuevas09,X2720_1,RT,RT:E36A,36,A,0
Cuevas09,X2720_1,RT,RT:T39E,39,E,0
Cuevas09,X2720_1,RT,RT:S48T,48,T,0
Cuevas09,X2720_1,RT,RT:K122E,122,E,0
Cuevas09,X2720_1,RT,RT:D123G,123,G,0
Cuevas09,X2720_1,RT,RT:I135T,135,T,0
Cuevas09,X2720_1,RT,RT:T165I,165,I,0
Cuevas09,X2720_1,RT,RT:K173A,173,A,0
Cuevas09,X2720_1,RT,RT:D177E,177,E,0
Cuevas09,X2720_1,RT,RT:G196K,196,K,0
Cuevas09,X2720_1,RT,RT:T200A,200,A,0
Cuevas09,X2720_1,RT,RT:E204Q,204,Q,0
Cuevas09,X2720_1,RT,RT:Q207D,207,D,0
Cuevas09,X2720_1,RT,RT:V245Q,245,Q,0
Cuevas09,X2720_1,RT,RT:E248D,248,D,0
Cuevas09,X2720_1,RT,RT:A272P,272,P,0
Cuevas09,X2720_1,RT,RT:K277R,277,R,0
Cuevas09,X2720_1,RT,RT:T286A,286,A,0
Cuevas09,X2720_1,RT,RT:E291D,291,D,0
Cuevas09,X2720_1,RT,RT:I293V,293,V,0
Cuevas09,X2721_1,RT,RT:E6D,6,D,0
Cuevas09,X2721_1,RT,RT:K11T,11,T,0
Cuevas09,X2721_1,RT,RT:V35T,35,T,0
Cuevas09,X2721_1,RT,RT:T39K,39,K,0
Cuevas09,X2721_1,RT,RT:K43E,43,E,0
Cuevas09,X2721_1,RT,RT:K122E,122,E,0
Cuevas09,X2721_1,RT,RT:D123S,123,S,0
Cuevas09,X2721_1,RT,RT:K173I,173,I,0
Cuevas09,X2721_1,RT,RT:Q174K,174,K,0
Cuevas09,X2721_1,RT,RT:D177E,177,E,0
Cuevas09,X2721_1,RT,RT:I178M,178,M,0
Cuevas09,X2721_1,RT,RT:Q207A,207,A,0
Cuevas09,X2721_1,RT,RT:R211S,211,S,0
Cuevas09,X2721_1,RT,RT:V245E,245,E,0
Cuevas09,X2725_1,RT,RT:V35T,35,T,0
Cuevas09,X2725_1,RT,RT:K102R,102,R,0
Cuevas09,X2725_1,RT,RT:K103S,103,S,0
Cuevas09,X2725_1,RT,RT:K122E,122,E,0
Cuevas09,X2725_1,RT,RT:D123A,123,A,0
Cuevas09,X2725_1,RT,RT:I135T,135,T,0
Cuevas09,X2725_1,RT,RT:S162Y,162,Y,0
Cuevas09,X2725_1,RT,RT:D177N,177,N,0
Cuevas09,X2725_1,RT,RT:V179I,179,I,0
Cuevas09,X2725_1,RT,RT:T200A,200,A,0
Cuevas09,X2725_1,RT,RT:Q207K,207,K,0
Cuevas09,X2725_1,RT,RT:A272P,272,P,0
Cuevas09,X2725_1,RT,RT:K277R,277,R,0
Cuevas09,X2725_1,RT,RT:I293V,293,V,0
Cuevas09,X2725_1,RT,RT:E297K,297,K,0
Cuevas09,X2725_1,RT,RT:Q334N,334,N,0
Cuevas09,X2726_1,RT,RT:K20R,20,R,0
Cuevas09,X2726_1,RT,RT:V35I,35,I,0
Cuevas09,X2726_1,RT,RT:D123E,123,E,0
Cuevas09,X2726_1,RT,RT:S162C,162,C,0
Cuevas09,X2726_1,RT,RT:I178L,178,L,0
Cuevas09,X2726_1,RT,RT:G196K,196,K,0
Cuevas09,X2726_1,RT,RT:T200I,200,I,0
Cuevas09,X2726_1,RT,RT:R211K,211,K,0
Cuevas09,X2726_1,RT,RT:V245M,245,M,0
Cuevas09,X2726_1,RT,RT:A272P,272,P,0
Cuevas09,X2726_1,RT,RT:A288P,288,P,0
Cuevas09,X2726_1,RT,RT:I293V,293,V,0
Cuevas09,X2726_1,RT,RT:E297K,297,K,0
Cuevas09,X2726_1,RT,RT:L310I,310,I,0
Cuevas09,X2726_1,RT,RT:Q334E,334,E,0
Cuevas09,X2726_1,RT,RT:Y339F,339,F,0
