dataset_name,isolate_name,gene,mutation,position,amino_acid,is_mixture
Ghafari17,IR.AHV10P,PR,PR:I13V,13,V,0
Ghafari17,IR.AHV10P,PR,PR:L19Q,19,Q,0
Ghafari17,IR.AHV10P,PR,PR:K20R,20,R,0
Ghafari17,IR.AHV10P,PR,PR:E21K,21,K,0
Ghafari17,IR.AHV10P,PR,PR:E35D,35,D,0
Ghafari17,IR.AHV10P,PR,PR:M36I,36,I,0
Ghafari17,IR.AHV10P,PR,PR:N37D,37,D,0
Ghafari17,IR.AHV10P,PR,PR:R41K,41,K,0
Ghafari17,IR.AHV10P,PR,PR:R57K,57,K,0
Ghafari17,IR.AHV10P,PR,PR:H69K,69,K,0
Ghafari17,IR.AHV10P,PR,PR:K70R,70,R,0
Ghafari17,IR.AHV10P,PR,PR:L89M,89,M,0
Ghafari17,IR.AHV11P,PR,PR:T12P,12,P,1
Ghafari17,IR.AHV11P,PR,PR:I13V,13,V,0
Ghafari17,IR.AHV11P,PR,PR:L19Q,19,Q,0
Ghafari17,IR.AHV11P,PR,PR:K20R,20,R,0
Ghafari17,IR.AHV11P,PR,PR:E35D,35,D,0
Ghafari17,IR.AHV11P,PR,PR:M36I,36,I,0
Ghafari17,IR.AHV11P,PR,PR:R41K,41,K,0
Ghafari17,IR.AHV11P,PR,PR:R57K,57,K,0
Ghafari17,IR.AHV11P,PR,PR:L63P,63,P,1
Ghafari17,IR.AHV11P,PR,PR:E65D,65,D,0
Ghafari17,IR.AHV11P,PR,PR:H69K,69,K,0
Ghafari17,IR.AHV11P,PR,PR:L89M,89,M,0
Ghafari17,IR.AHV12P,PR,PR:I15V,15,V,0
Ghafari17,IR.AHV12P,PR,PR:G16E,16,E,0
Ghafari17,IR.AHV12P,PR,PR:K20R,20,R,0
Ghafari17,IR.AHV12P,PR,PR:E35D,35,D,0
Ghafari17,IR.AHV12P,PR,PR:M36I,36,I,0
Ghafari17,IR.AHV12P,PR,PR:P39S,39,S,0
Ghafari17,IR.AHV12P,PR,PR:R41K,41,K,0
Ghafari17,IR.AHV12P,PR,PR:R57K,57,K,0
Ghafari17,IR.AHV12P,PR,PR:D60E,60,E,0
Ghafari17,IR.AHV12P,PR,PR:L63V,63,V,0
Ghafari17,IR.AHV12P,PR,PR:H69K,69,K,0
Ghafari17,IR.AHV12P,PR,PR:L89M,89,M,0
Ghafari17,IR.AHV14P,PR,PR:L10V,10,V,0
Ghafari17,IR.AHV14P,PR,PR:I13V,13,V,0
Ghafari17,IR.AHV14P,PR,PR:L19Q,19,Q,0
Ghafari17,IR.AHV14P,PR,PR:K20R,20,R,0
Ghafari17,IR.AHV14P,PR,PR:E35D,35,D,0
Ghafari17,IR.AHV14P,PR,PR:M36I,36,I,0
Ghafari17,IR.AHV14P,PR,PR:R41K,41,K,0
Ghafari17,IR.AHV14P,PR,PR:R57K,57,K,0
Ghafari17,IR.AHV14P,PR,PR:L63T,63,T,0
Ghafari17,IR.AHV14P,PR,PR:H69K,69,K,0
Ghafari17,IR.AHV14P,PR,PR:L89M,89,M,0
Ghafari17,IR.AHV15P,PR,PR:I13V,13,V,0
Ghafari17,IR.AHV15P,PR,PR:L19Q,19,Q,0
Ghafari17,IR.AHV15P,PR,PR:E35D,35,D,0
Ghafari17,IR.AHV15P,PR,PR:M36I,36,I,0
Ghafari17,IR.AHV15P,PR,PR:R41K,41,K,0
Ghafari17,IR.AHV15P,PR,PR:R57K,57,K,0
Ghafari17,IR.AHV15P,PR,PR:L63A,63,A,0
Ghafari17,IR.AHV15P,PR,PR:H69K,69,K,0
Ghafari17,IR.AHV15P,PR,PR:L89M,89,M,0
Ghafari17,IR.AHV16P,PR,PR:I13V,13,V,0
Ghafari17,IR.AHV16P,PR,PR:K20R,20,R,0
Ghafari17,IR.AHV16P,PR,PR:E35D,35,D,0
Ghafari17,IR.AHV16P,PR,PR:M36I,36,I,0
Ghafari17,IR.AHV16P,PR,PR:R41K,41,K,0
Ghafari17,IR.AHV16P,PR,PR:R57K,57,K,1
Ghafari17,IR.AHV16P,PR,PR:L63M,63,M,0
Ghafari17,IR.AHV16P,PR,PR:H69K,69,K,0
Ghafari17,IR.AHV16P,PR,PR:K70R,70,R,1
Ghafari17,IR.AHV16P,PR,PR:L89M,89,M,0
Ghafari17,IR.AHV17P,PR,PR:I13V,13,V,0
Ghafari17,IR.AHV17P,PR,PR:L19Q,19,Q,0
Ghafari17,IR.AHV17P,PR,PR:K20R,20,R,0
Ghafari17,IR.AHV17P,PR,PR:E21K,21,K,0
Ghafari17,IR.AHV17P,PR,PR:E35D,35,D,0
Ghafari17,IR.AHV17P,PR,PR:M36I,36,I,0
Ghafari17,IR.AHV17P,PR,PR:N37D,37,D,0
Ghafari17,IR.AHV17P,PR,PR:R41K,41,K,0
Ghafari17,IR.AHV17P,PR,PR:R57K,57,K,0
Ghafari17,IR.AHV17P,PR,PR:H69K,69,K,0
Ghafari17,IR.AHV17P,PR,PR:L89M,89,M,0
Ghafari17,IR.AHV18P,PR,PR:T12P,12,P,0
Ghafari17,IR.AHV18P,PR,PR:I13V,13,V,0
Ghafari17,IR.AHV18P,PR,PR:L19Q,19,Q,0
Ghafari17,IR.AHV18P,PR,PR:K20R,20,R,0
Ghafari17,IR.AHV18P,PR,PR:E35D,35,D,0
Ghafari17,IR.AHV18P,PR,PR:M36I,36,I,0
Ghafari17,IR.AHV18P,PR,PR:R41K,41,K,0
Ghafari17,IR.AHV18P,PR,PR:R57K,57,K,0
Ghafari17,IR.AHV18P,PR,PR:L63T,63,T,0
Ghafari17,IR.AHV18P,PR,PR:H69K,69,K,0
Ghafari17,IR.AHV18P,PR,PR:K70R,70,R,0
Ghafari17,IR.AHV18P,PR,PR:L89M,89,M,0
Ghafari17,IR.AHV19P,PR,PR:I13V,13,V,0
Ghafari17,IR.AHV19P,PR,PR:G16E,16,E,0
Ghafari17,IR.AHV19P,PR,PR:K20R,20,R,0
Ghafari17,IR.AHV19P,PR,PR:E35D,35,D,0
Ghafari17,IR.AHV19P,PR,PR:M36I,36,I,0
Ghafari17,IR.AHV19P,PR,PR:P39T,39,T,0
Ghafari17,IR.AHV19P,PR,PR:R41K,41,K,0
Ghafari17,IR.AHV19P,PR,PR:R57K,57,K,0
Ghafari17,IR.AHV19P,PR,PR:H69K,69,K,0
Ghafari17,IR.AHV19P,PR,PR:L89M,89,M,0
Ghafari17,IR.AHV1P,PR,PR:I13V,13,V,0
Ghafari17,IR.AHV1P,PR,PR:L19Q,19,Q,0
Ghafari17,IR.AHV1P,PR,PR:K20R,20,R,0
Ghafari17,IR.AHV1P,PR,PR:E35D,35,D,0
Ghafari17,IR.AHV1P,PR,PR:M36I,36,I,0
Ghafari17,IR.AHV1P,PR,PR:R41K,41,K,0
Ghafari17,IR.AHV1P,PR,PR:R57K,57,K,0
Ghafari17,IR.AHV1P,PR,PR:I62V,62,V,0
Ghafari17,IR.AHV1P,PR,PR:H69K,69,K,0
Ghafari17,IR.AHV1P,PR,PR:L89M,89,M,0
Ghafari17,IR.AHV20P,PR,PR:I13V,13,V,0
Ghafari17,IR.AHV20P,PR,PR:L19Q,19,Q,0
Ghafari17,IR.AHV20P,PR,PR:K20R,20,R,0
Ghafari17,IR.AHV20P,PR,PR:E35D,35,D,0
Ghafari17,IR.AHV20P,PR,PR:M36I,36,I,0
Ghafari17,IR.AHV20P,PR,PR:R41K,41,K,0
Ghafari17,IR.AHV20P,PR,PR:R57K,57,K,0
Ghafari17,IR.AHV20P,PR,PR:I64L,64,L,0
Ghafari17,IR.AHV20P,PR,PR:H69K,69,K,0
Ghafari17,IR.AHV20P,PR,PR:L89M,89,M,0
Ghafari17,IR.AHV21P,PR,PR:I13V,13,V,0
Ghafari17,IR.AHV21P,PR,PR:L19Q,19,Q,0
Ghafari17,IR.AHV21P,PR,PR:K20R,20,R,0
Ghafari17,IR.AHV21P,PR,PR:E21K,21,K,0
Ghafari17,IR.AHV21P,PR,PR:E35D,35,D,0
Ghafari17,IR.AHV21P,PR,PR:M36I,36,I,0
Ghafari17,IR.AHV21P,PR,PR:N37D,37,D,0
Ghafari17,IR.AHV21P,PR,PR:R41K,41,K,0
Ghafari17,IR.AHV21P,PR,PR:R57K,57,K,0
Ghafari17,IR.AHV21P,PR,PR:I62V,62,V,0
Ghafari17,IR.AHV21P,PR,PR:E65D,65,D,0
Ghafari17,IR.AHV21P,PR,PR:H69K,69,K,0
Ghafari17,IR.AHV21P,PR,PR:K70R,70,R,0
Ghafari17,IR.AHV21P,PR,PR:L89M,89,M,0
Ghafari17,IR.AHV22P,PR,PR:I13V,13,V,0
Ghafari17,IR.AHV22P,PR,PR:L19Q,19,Q,0
Ghafari17,IR.AHV22P,PR,PR:K20R,20,R,0
Ghafari17,IR.AHV22P,PR,PR:E35D,35,D,0
Ghafari17,IR.AHV22P,PR,PR:M36I,36,I,0
Ghafari17,IR.AHV22P,PR,PR:R41K,41,K,0
Ghafari17,IR.AHV22P,PR,PR:R57K,57,K,0
Ghafari17,IR.AHV22P,PR,PR:L63V,63,V,0
Ghafari17,IR.AHV22P,PR,PR:H69K,69,K,0
Ghafari17,IR.AHV22P,PR,PR:L89M,89,M,0
Ghafari17,IR.AHV23P,PR,PR:L10I,10,I,0
Ghafari17,IR.AHV23P,PR,PR:I13V,13,V,0
Ghafari17,IR.AHV23P,PR,PR:L19Q,19,Q,0
Ghafari17,IR.AHV23P,PR,PR:K20R,20,R,0
Ghafari17,IR.AHV23P,PR,PR:E35D,35,D,0
Ghafari17,IR.AHV23P,PR,PR:M36I,36,I,0
Ghafari17,IR.AHV23P,PR,PR:R41K,41,K,0
Ghafari17,IR.AHV23P,PR,PR:R57K,57,K,0
Ghafari17,IR.AHV23P,PR,PR:G68E,68,E,0
Ghafari17,IR.AHV23P,PR,PR:H69R,69,R,0
Ghafari17,IR.AHV23P,PR,PR:L89M,89,M,0
Ghafari17,IR.AHV24P,PR,PR:I13V,13,V,0
Ghafari17,IR.AHV24P,PR,PR:L19Q,19,Q,0
Ghafari17,IR.AHV24P,PR,PR:K20R,20,R,0
Ghafari17,IR.AHV24P,PR,PR:E35D,35,D,0
Ghafari17,IR.AHV24P,PR,PR:M36I,36,I,0
Ghafari17,IR.AHV24P,PR,PR:R41K,41,K,0
Ghafari17,IR.AHV24P,PR,PR:R57K,57,K,0
Ghafari17,IR.AHV24P,PR,PR:D60E,60,E,0
Ghafari17,IR.AHV24P,PR,PR:H69K,69,K,0
Ghafari17,IR.AHV24P,PR,PR:L89M,89,M,0
Ghafari17,IR.AHV25P,PR,PR:I13V,13,V,0
Ghafari17,IR.AHV25P,PR,PR:L19Q,19,Q,0
Ghafari17,IR.AHV25P,PR,PR:K20R,20,R,0
Ghafari17,IR.AHV25P,PR,PR:E21K,21,K,0
Ghafari17,IR.AHV25P,PR,PR:E35D,35,D,0
Ghafari17,IR.AHV25P,PR,PR:M36I,36,I,0
Ghafari17,IR.AHV25P,PR,PR:N37D,37,D,0
Ghafari17,IR.AHV25P,PR,PR:R41K,41,K,0
Ghafari17,IR.AHV25P,PR,PR:R57K,57,K,0
Ghafari17,IR.AHV25P,PR,PR:H69K,69,K,0
Ghafari17,IR.AHV25P,PR,PR:L89M,89,M,0
Ghafari17,IR.AHV26P,PR,PR:T12S,12,S,0
Ghafari17,IR.AHV26P,PR,PR:I13V,13,V,0
Ghafari17,IR.AHV26P,PR,PR:I15V,15,V,0
Ghafari17,IR.AHV26P,PR,PR:L19Q,19,Q,0
Ghafari17,IR.AHV26P,PR,PR:K20R,20,R,0
Ghafari17,IR.AHV26P,PR,PR:E35D,35,D,0
Ghafari17,IR.AHV26P,PR,PR:M36I,36,I,0
Ghafari17,IR.AHV26P,PR,PR:R41K,41,K,0
Ghafari17,IR.AHV26P,PR,PR:R57K,57,K,0
Ghafari17,IR.AHV26P,PR,PR:I62V,62,V,0
Ghafari17,IR.AHV26P,PR,PR:H69K,69,K,0
Ghafari17,IR.AHV26P,PR,PR:L89M,89,M,0
Ghafari17,IR.AHV28P,PR,PR:I13V,13,V,0
Ghafari17,IR.AHV28P,PR,PR:L19Q,19,Q,0
Ghafari17,IR.AHV28P,PR,PR:E35D,35,D,0
Ghafari17,IR.AHV28P,PR,PR:M36I,36,I,0
Ghafari17,IR.AHV28P,PR,PR:R41K,41,K,0
Ghafari17,IR.AHV28P,PR,PR:R57K,57,K,0
Ghafari17,IR.AHV28P,PR,PR:H69K,69,K,0
Ghafari17,IR.AHV28P,PR,PR:L89M,89,M,0
Ghafari17,IR.AHV29P,PR,PR:L10V,10,V,0
Ghafari17,IR.AHV29P,PR,PR:I13V,13,V,0
Ghafari17,IR.AHV29P,PR,PR:K14R,14,R,0
Ghafari17,IR.AHV29P,PR,PR:G16E,16,E,0
Ghafari17,IR.AHV29P,PR,PR:L19Q,19,Q,0
Ghafari17,IR.AHV29P,PR,PR:K20R,20,R,0
Ghafari17,IR.AHV29P,PR,PR:E35D,35,D,0
Ghafari17,IR.AHV29P,PR,PR:M36I,36,I,0
Ghafari17,IR.AHV29P,PR,PR:R41K,41,K,0
Ghafari17,IR.AHV29P,PR,PR:R57K,57,K,0
Ghafari17,IR.AHV29P,PR,PR:L63V,63,V,0
Ghafari17,IR.AHV29P,PR,PR:H69K,69,K,0
Ghafari17,IR.AHV29P,PR,PR:L89M,89,M,0
Ghafari17,IR.AHV2P,PR,PR:I13V,13,V,0
Ghafari17,IR.AHV2P,PR,PR:L19Q,19,Q,0
Ghafari17,IR.AHV2P,PR,PR:K20R,20,R,0
Ghafari17,IR.AHV2P,PR,PR:E35D,35,D,0
Ghafari17,IR.AHV2P,PR,PR:M36I,36,I,0
Ghafari17,IR.AHV2P,PR,PR:R41K,41,K,0
Ghafari17,IR.AHV2P,PR,PR:R57K,57,K,0
Ghafari17,IR.AHV2P,PR,PR:L63P,63,P,0
Ghafari17,IR.AHV2P,PR,PR:H69K,69,K,0
Ghafari17,IR.AHV2P,PR,PR:K70R,70,R,0
Ghafari17,IR.AHV2P,PR,PR:L89M,89,M,0
Ghafari17,IR.AHV30P,PR,PR:L10V,10,V,0
Ghafari17,IR.AHV30P,PR,PR:I13V,13,V,0
Ghafari17,IR.AHV30P,PR,PR:K14R,14,R,0
Ghafari17,IR.AHV30P,PR,PR:G16E,16,E,0
Ghafari17,IR.AHV30P,PR,PR:L19Q,19,Q,0
Ghafari17,IR.AHV30P,PR,PR:K20R,20,R,0
Ghafari17,IR.AHV30P,PR,PR:E35D,35,D,0
Ghafari17,IR.AHV30P,PR,PR:M36I,36,I,0
Ghafari17,IR.AHV30P,PR,PR:R41K,41,K,0
Ghafari17,IR.AHV30P,PR,PR:R57K,57,K,0
Ghafari17,IR.AHV30P,PR,PR:L63V,63,V,0
Ghafari17,IR.AHV30P,PR,PR:H69K,69,K,0
Ghafari17,IR.AHV30P,PR,PR:L89M,89,M,0
Ghafari17,IR.AHV31P,PR,PR:T12P,12,P,0
Ghafari17,IR.AHV31P,PR,PR:I13V,13,V,0
Ghafari17,IR.AHV31P,PR,PR:L19Q,19,Q,0
Ghafari17,IR.AHV31P,PR,PR:K20R,20,R,0
Ghafari17,IR.AHV31P,PR,PR:E35D,35,D,0
Ghafari17,IR.AHV31P,PR,PR:M36I,36,I,0
Ghafari17,IR.AHV31P,PR,PR:R41K,41,K,0
Ghafari17,IR.AHV31P,PR,PR:R57K,57,K,0
Ghafari17,IR.AHV31P,PR,PR:L63T,63,T,0
Ghafari17,IR.AHV31P,PR,PR:H69K,69,K,0
Ghafari17,IR.AHV31P,PR,PR:K70R,70,R,0
Ghafari17,IR.AHV31P,PR,PR:L89M,89,M,0
Ghafari17,IR.AHV32P,PR,PR:I13V,13,V,0
Ghafari17,IR.AHV32P,PR,PR:G16E,16,E,1
Ghafari17,IR.AHV32P,PR,PR:L19Q,19,Q,0
Ghafari17,IR.AHV32P,PR,PR:K20R,20,R,0
Ghafari17,IR.AHV32P,PR,PR:E35D,35,D,0
Ghafari17,IR.AHV32P,PR,PR:M36I,36,I,0
Ghafari17,IR.AHV32P,PR,PR:R41K,41,K,0
Ghafari17,IR.AHV32P,PR,PR:R57K,57,K,0
Ghafari17,IR.AHV32P,PR,PR:H69K,69,K,0
Ghafari17,IR.AHV32P,PR,PR:L89M,89,M,0
Ghafari17,IR.AHV33P,PR,PR:I13V,13,V,0
Ghafari17,IR.AHV33P,PR,PR:L19Q,19,Q,0
Ghafari17,IR.AHV33P,PR,PR:K20R,20,R,0
Ghafari17,IR.AHV33P,PR,PR:E21K,21,K,0
Ghafari17,IR.AHV33P,PR,PR:E35D,35,D,0
Ghafari17,IR.AHV33P,PR,PR:M36I,36,I,0
Ghafari17,IR.AHV33P,PR,PR:N37D,37,D,0
Ghafari17,IR.AHV33P,PR,PR:R41K,41,K,0
Ghafari17,IR.AHV33P,PR,PR:R57K,57,K,0
Ghafari17,IR.AHV33P,PR,PR:H69K,69,K,0
Ghafari17,IR.AHV33P,PR,PR:L89M,89,M,0
Ghafari17,IR.AHV34P,PR,PR:K14R,14,R,0
Ghafari17,IR.AHV34P,PR,PR:K20R,20,R,0
Ghafari17,IR.AHV34P,PR,PR:E35D,35,D,0
Ghafari17,IR.AHV34P,PR,PR:M36I,36,I,0
Ghafari17,IR.AHV34P,PR,PR:R41K,41,K,0
Ghafari17,IR.AHV34P,PR,PR:R57K,57,K,0
Ghafari17,IR.AHV34P,PR,PR:H69K,69,K,0
Ghafari17,IR.AHV34P,PR,PR:L89M,89,M,0
Ghafari17,IR.AHV35P,PR,PR:I13V,13,V,0
Ghafari17,IR.AHV35P,PR,PR:L19Q,19,Q,1
Ghafari17,IR.AHV35P,PR,PR:K20R,20,R,0
Ghafari17,IR.AHV35P,PR,PR:E35D,35,D,0
Ghafari17,IR.AHV35P,PR,PR:M36I,36,I,0
Ghafari17,IR.AHV35P,PR,PR:R41K,41,K,0
Ghafari17,IR.AHV35P,PR,PR:R57K,57,K,0
Ghafari17,IR.AHV35P,PR,PR:D60E,60,E,0
Ghafari17,IR.AHV35P,PR,PR:Q61E,61,E,0
Ghafari17,IR.AHV35P,PR,PR:H69K,69,K,0
Ghafari17,IR.AHV35P,PR,PR:L89M,89,M,0
Ghafari17,IR.AHV37P,PR,PR:I13V,13,V,0
Ghafari17,IR.AHV37P,PR,PR:L19Q,19,Q,0
Ghafari17,IR.AHV37P,PR,PR:K20R,20,R,0
Ghafari17,IR.AHV37P,PR,PR:E35D,35,D,0
Ghafari17,IR.AHV37P,PR,PR:M36I,36,I,0
Ghafari17,IR.AHV37P,PR,PR:R41K,41,K,0
Ghafari17,IR.AHV37P,PR,PR:R57K,57,K,0
Ghafari17,IR.AHV37P,PR,PR:H69K,69,K,0
Ghafari17,IR.AHV37P,PR,PR:L89M,89,M,0
Ghafari17,IR.AHV38P,PR,PR:I13V,13,V,0
Ghafari17,IR.AHV38P,PR,PR:E35D,35,D,0
Ghafari17,IR.AHV38P,PR,PR:M36I,36,I,0
Ghafari17,IR.AHV38P,PR,PR:R41K,41,K,0
Ghafari17,IR.AHV38P,PR,PR:R57K,57,K,0
Ghafari17,IR.AHV38P,PR,PR:H69K,69,K,0
Ghafari17,IR.AHV38P,PR,PR:L89M,89,M,0
Ghafari17,IR.AHV39P,PR,PR:I13V,13,V,0
Ghafari17,IR.AHV39P,PR,PR:I15V,15,V,0
Ghafari17,IR.AHV39P,PR,PR:L19Q,19,Q,0
Ghafari17,IR.AHV39P,PR,PR:K20R,20,R,0
Ghafari17,IR.AHV39P,PR,PR:E35D,35,D,0
Ghafari17,IR.AHV39P,PR,PR:M36I,36,I,0
Ghafari17,IR.AHV39P,PR,PR:R41K,41,K,0
Ghafari17,IR.AHV39P,PR,PR:R57K,57,K,0
Ghafari17,IR.AHV39P,PR,PR:H69K,69,K,0
Ghafari17,IR.AHV39P,PR,PR:L89M,89,M,0
Ghafari17,IR.AHV3P,PR,PR:I13V,13,V,0
Ghafari17,IR.AHV3P,PR,PR:I15L,15,L,0
Ghafari17,IR.AHV3P,PR,PR:K20R,20,R,0
Ghafari17,IR.AHV3P,PR,PR:E35D,35,D,0
Ghafari17,IR.AHV3P,PR,PR:M36I,36,I,0
Ghafari17,IR.AHV3P,PR,PR:R41K,41,K,0
Ghafari17,IR.AHV3P,PR,PR:R57K,57,K,0
Ghafari17,IR.AHV3P,PR,PR:I62V,62,V,0
Ghafari17,IR.AHV3P,PR,PR:L63T,63,T,0
Ghafari17,IR.AHV3P,PR,PR:E65D,65,D,1
Ghafari17,IR.AHV3P,PR,PR:H69K,69,K,0
Ghafari17,IR.AHV3P,PR,PR:L89M,89,M,0
Ghafari17,IR.AHV40P,PR,PR:L10V,10,V,0
Ghafari17,IR.AHV40P,PR,PR:K14R,14,R,0
Ghafari17,IR.AHV40P,PR,PR:L19Q,19,Q,0
Ghafari17,IR.AHV40P,PR,PR:K20R,20,R,0
Ghafari17,IR.AHV40P,PR,PR:E35D,35,D,0
Ghafari17,IR.AHV40P,PR,PR:M36I,36,I,0
Ghafari17,IR.AHV40P,PR,PR:R41K,41,K,0
Ghafari17,IR.AHV40P,PR,PR:R57K,57,K,0
Ghafari17,IR.AHV40P,PR,PR:L63T,63,T,0
Ghafari17,IR.AHV40P,PR,PR:H69K,69,K,0
Ghafari17,IR.AHV40P,PR,PR:L89M,89,M,0
Ghafari17,IR.AHV41P,PR,PR:I13V,13,V,0
Ghafari17,IR.AHV41P,PR,PR:L19Q,19,Q,0
Ghafari17,IR.AHV41P,PR,PR:K20R,20,R,0
Ghafari17,IR.AHV41P,PR,PR:E35D,35,D,0
Ghafari17,IR.AHV41P,PR,PR:M36I,36,I,0
Ghafari17,IR.AHV41P,PR,PR:N37D,37,D,0
Ghafari17,IR.AHV41P,PR,PR:R41K,41,K,0
Ghafari17,IR.AHV41P,PR,PR:R57K,57,K,0
Ghafari17,IR.AHV41P,PR,PR:D60E,60,E,0
Ghafari17,IR.AHV41P,PR,PR:H69K,69,K,0
Ghafari17,IR.AHV41P,PR,PR:L89M,89,M,0
Ghafari17,IR.AHV42P,PR,PR:I13V,13,V,0
Ghafari17,IR.AHV42P,PR,PR:K20R,20,R,0
Ghafari17,IR.AHV42P,PR,PR:E35D,35,D,0
Ghafari17,IR.AHV42P,PR,PR:M36I,36,I,0
Ghafari17,IR.AHV42P,PR,PR:R41K,41,K,0
Ghafari17,IR.AHV42P,PR,PR:R57K,57,K,0
Ghafari17,IR.AHV42P,PR,PR:H69K,69,K,0
Ghafari17,IR.AHV42P,PR,PR:L89M,89,M,0
Ghafari17,IR.AHV46P,PR,PR:I13V,13,V,0
Ghafari17,IR.AHV46P,PR,PR:K14R,14,R,0
Ghafari17,IR.AHV46P,PR,PR:G17E,17,E,0
Ghafari17,IR.AHV46P,PR,PR:K20R,20,R,0
Ghafari17,IR.AHV46P,PR,PR:E35D,35,D,0
Ghafari17,IR.AHV46P,PR,PR:M36I,36,I,0
Ghafari17,IR.AHV46P,PR,PR:R41K,41,K,0
Ghafari17,IR.AHV46P,PR,PR:R57K,57,K,0
Ghafari17,IR.AHV46P,PR,PR:C67Y,67,Y,0
Ghafari17,IR.AHV46P,PR,PR:H69K,69,K,0
Ghafari17,IR.AHV46P,PR,PR:L89M,89,M,0
Ghafari17,IR.AHV48P,PR,PR:I13V,13,V,0
Ghafari17,IR.AHV48P,PR,PR:L19Q,19,Q,0
Ghafari17,IR.AHV48P,PR,PR:K20R,20,R,0
Ghafari17,IR.AHV48P,PR,PR:E35D,35,D,0
Ghafari17,IR.AHV48P,PR,PR:M36I,36,I,0
Ghafari17,IR.AHV48P,PR,PR:R41K,41,K,0
Ghafari17,IR.AHV48P,PR,PR:R57K,57,K,0
Ghafari17,IR.AHV48P,PR,PR:H69K,69,K,0
Ghafari17,IR.AHV48P,PR,PR:L89M,89,M,0
Ghafari17,IR.AHV49P,PR,PR:I13V,13,V,0
Ghafari17,IR.AHV49P,PR,PR:L19Q,19,Q,0
Ghafari17,IR.AHV49P,PR,PR:K20R,20,R,0
Ghafari17,IR.AHV49P,PR,PR:E35D,35,D,0
Ghafari17,IR.AHV49P,PR,PR:M36I,36,I,0
Ghafari17,IR.AHV49P,PR,PR:R41K,41,K,0
Ghafari17,IR.AHV49P,PR,PR:R57K,57,K,0
Ghafari17,IR.AHV49P,PR,PR:L63P,63,P,0
Ghafari17,IR.AHV49P,PR,PR:H69K,69,K,0
Ghafari17,IR.AHV49P,PR,PR:K70R,70,R,0
Ghafari17,IR.AHV49P,PR,PR:L89M,89,M,0
Ghafari17,IR.AHV4P,PR,PR:I13V,13,V,0
Ghafari17,IR.AHV4P,PR,PR:K14R,14,R,0
Ghafari17,IR.AHV4P,PR,PR:L19Q,19,Q,0
Ghafari17,IR.AHV4P,PR,PR:K20R,20,R,0
Ghafari17,IR.AHV4P,PR,PR:E35D,35,D,0
Ghafari17,IR.AHV4P,PR,PR:M36I,36,I,0
Ghafari17,IR.AHV4P,PR,PR:R41K,41,K,0
Ghafari17,IR.AHV4P,PR,PR:R57K,57,K,0
Ghafari17,IR.AHV4P,PR,PR:H69K,69,K,0
Ghafari17,IR.AHV4P,PR,PR:L89M,89,M,0
Ghafari17,IR.AHV50P,PR,PR:I13V,13,V,0
Ghafari17,IR.AHV50P,PR,PR:K20R,20,R,0
Ghafari17,IR.AHV50P,PR,PR:E35D,35,D,0
Ghafari17,IR.AHV50P,PR,PR:M36I,36,I,0
Ghafari17,IR.AHV50P,PR,PR:R41K,41,K,0
Ghafari17,IR.AHV50P,PR,PR:R57K,57,K,0
Ghafari17,IR.AHV50P,PR,PR:C67Y,67,Y,0
Ghafari17,IR.AHV50P,PR,PR:H69K,69,K,0
Ghafari17,IR.AHV50P,PR,PR:L89M,89,M,0
Ghafari17,IR.AHV51P,PR,PR:I13V,13,V,0
Ghafari17,IR.AHV51P,PR,PR:K14T,14,T,1
Ghafari17,IR.AHV51P,PR,PR:L19Q,19,Q,0
Ghafari17,IR.AHV51P,PR,PR:K20R,20,R,0
Ghafari17,IR.AHV51P,PR,PR:E35D,35,D,0
Ghafari17,IR.AHV51P,PR,PR:M36I,36,I,0
Ghafari17,IR.AHV51P,PR,PR:R41K,41,K,0
Ghafari17,IR.AHV51P,PR,PR:R57K,57,K,0
Ghafari17,IR.AHV51P,PR,PR:E65D,65,D,0
Ghafari17,IR.AHV51P,PR,PR:H69K,69,K,0
Ghafari17,IR.AHV51P,PR,PR:L89M,89,M,0
Ghafari17,IR.AHV52P,PR,PR:I13V,13,V,0
Ghafari17,IR.AHV52P,PR,PR:L19Q,19,Q,0
Ghafari17,IR.AHV52P,PR,PR:K20R,20,R,1
Ghafari17,IR.AHV52P,PR,PR:E35D,35,D,0
Ghafari17,IR.AHV52P,PR,PR:M36I,36,I,0
Ghafari17,IR.AHV52P,PR,PR:R41K,41,K,0
Ghafari17,IR.AHV52P,PR,PR:R57K,57,K,0
Ghafari17,IR.AHV52P,PR,PR:L63A,63,A,0
Ghafari17,IR.AHV52P,PR,PR:H69K,69,K,0
Ghafari17,IR.AHV52P,PR,PR:L89M,89,M,0
Ghafari17,IR.AHV53P,PR,PR:I13V,13,V,0
Ghafari17,IR.AHV53P,PR,PR:L19Q,19,Q,0
Ghafari17,IR.AHV53P,PR,PR:K20R,20,R,0
Ghafari17,IR.AHV53P,PR,PR:E35D,35,D,0
Ghafari17,IR.AHV53P,PR,PR:M36I,36,I,0
Ghafari17,IR.AHV53P,PR,PR:R41K,41,K,0
Ghafari17,IR.AHV53P,PR,PR:R57K,57,K,0
Ghafari17,IR.AHV53P,PR,PR:H69K,69,K,0
Ghafari17,IR.AHV53P,PR,PR:K70R,70,R,1
Ghafari17,IR.AHV53P,PR,PR:L89M,89,M,0
Ghafari17,IR.AHV54P,PR,PR:I13V,13,V,0
Ghafari17,IR.AHV54P,PR,PR:L19Q,19,Q,0
Ghafari17,IR.AHV54P,PR,PR:K20R,20,R,0
Ghafari17,IR.AHV54P,PR,PR:E35D,35,D,0
Ghafari17,IR.AHV54P,PR,PR:M36I,36,I,0
Ghafari17,IR.AHV54P,PR,PR:R41K,41,K,0
Ghafari17,IR.AHV54P,PR,PR:K45R,45,R,0
Ghafari17,IR.AHV54P,PR,PR:R57K,57,K,0
Ghafari17,IR.AHV54P,PR,PR:H69K,69,K,0
Ghafari17,IR.AHV54P,PR,PR:L89M,89,M,0
Ghafari17,IR.AHV55P,PR,PR:I13V,13,V,0
Ghafari17,IR.AHV55P,PR,PR:L19Q,19,Q,0
Ghafari17,IR.AHV55P,PR,PR:K20R,20,R,0
Ghafari17,IR.AHV55P,PR,PR:E35D,35,D,0
Ghafari17,IR.AHV55P,PR,PR:M36I,36,I,0
Ghafari17,IR.AHV55P,PR,PR:R41K,41,K,0
Ghafari17,IR.AHV55P,PR,PR:R57K,57,K,0
Ghafari17,IR.AHV55P,PR,PR:H69K,69,K,0
Ghafari17,IR.AHV55P,PR,PR:L89M,89,M,0
Ghafari17,IR.AHV56P,PR,PR:I13V,13,V,0
Ghafari17,IR.AHV56P,PR,PR:K20R,20,R,0
Ghafari17,IR.AHV56P,PR,PR:E35D,35,D,0
Ghafari17,IR.AHV56P,PR,PR:M36I,36,I,0
Ghafari17,IR.AHV56P,PR,PR:R41K,41,K,0
Ghafari17,IR.AHV56P,PR,PR:R57K,57,K,0
Ghafari17,IR.AHV56P,PR,PR:H69K,69,K,0
Ghafari17,IR.AHV56P,PR,PR:L89M,89,M,0
Ghafari17,IR.AHV57P,PR,PR:L10I,10,I,1
Ghafari17,IR.AHV57P,PR,PR:I13V,13,V,0
Ghafari17,IR.AHV57P,PR,PR:L19Q,19,Q,0
Ghafari17,IR.AHV57P,PR,PR:K20R,20,R,0
Ghafari17,IR.AHV57P,PR,PR:E35D,35,D,0
Ghafari17,IR.AHV57P,PR,PR:M36I,36,I,0
Ghafari17,IR.AHV57P,PR,PR:R41K,41,K,0
Ghafari17,IR.AHV57P,PR,PR:R57K,57,K,1
Ghafari17,IR.AHV57P,PR,PR:I62V,62,V,1
Ghafari17,IR.AHV57P,PR,PR:L63P,63,P,1
Ghafari17,IR.AHV57P,PR,PR:E65D,65,D,1
Ghafari17,IR.AHV57P,PR,PR:C67Y,67,Y,1
Ghafari17,IR.AHV57P,PR,PR:H69K,69,K,0
Ghafari17,IR.AHV57P,PR,PR:L89M,89,M,0
Ghafari17,IR.AHV58P,PR,PR:I13V,13,V,0
Ghafari17,IR.AHV58P,PR,PR:L19Q,19,Q,1
Ghafari17,IR.AHV58P,PR,PR:K20R,20,R,0
Ghafari17,IR.AHV58P,PR,PR:E35D,35,D,0
Ghafari17,IR.AHV58P,PR,PR:M36I,36,I,0
Ghafari17,IR.AHV58P,PR,PR:R41K,41,K,0
Ghafari17,IR.AHV58P,PR,PR:R57K,57,K,0
Ghafari17,IR.AHV58P,PR,PR:L63M,63,M,0
Ghafari17,IR.AHV58P,PR,PR:H69K,69,K,0
Ghafari17,IR.AHV58P,PR,PR:L89M,89,M,0
Ghafari17,IR.AHV5P,PR,PR:I13V,13,V,0
Ghafari17,IR.AHV5P,PR,PR:K14R,14,R,0
Ghafari17,IR.AHV5P,PR,PR:L19Q,19,Q,0
Ghafari17,IR.AHV5P,PR,PR:K20R,20,R,0
Ghafari17,IR.AHV5P,PR,PR:E35D,35,D,0
Ghafari17,IR.AHV5P,PR,PR:M36I,36,I,0
Ghafari17,IR.AHV5P,PR,PR:R41K,41,K,0
Ghafari17,IR.AHV5P,PR,PR:R57K,57,K,0
Ghafari17,IR.AHV5P,PR,PR:H69K,69,K,0
Ghafari17,IR.AHV5P,PR,PR:L89M,89,M,0
Ghafari17,IR.AHV60P,PR,PR:L10V,10,V,1
Ghafari17,IR.AHV60P,PR,PR:I13V,13,V,0
Ghafari17,IR.AHV60P,PR,PR:I15V,15,V,0
Ghafari17,IR.AHV60P,PR,PR:K20R,20,R,0
Ghafari17,IR.AHV60P,PR,PR:E35D,35,D,0
Ghafari17,IR.AHV60P,PR,PR:M36I,36,I,0
Ghafari17,IR.AHV60P,PR,PR:R41K,41,K,0
Ghafari17,IR.AHV60P,PR,PR:R57K,57,K,0
Ghafari17,IR.AHV60P,PR,PR:L63V,63,V,0
Ghafari17,IR.AHV60P,PR,PR:H69K,69,K,0
Ghafari17,IR.AHV60P,PR,PR:L89M,89,M,0
Ghafari17,IR.AHV61P,PR,PR:I13V,13,V,0
Ghafari17,IR.AHV61P,PR,PR:L19Q,19,Q,1
Ghafari17,IR.AHV61P,PR,PR:K20R,20,R,0
Ghafari17,IR.AHV61P,PR,PR:E35D,35,D,0
Ghafari17,IR.AHV61P,PR,PR:M36I,36,I,0
Ghafari17,IR.AHV61P,PR,PR:R41K,41,K,0
Ghafari17,IR.AHV61P,PR,PR:R57K,57,K,0
Ghafari17,IR.AHV61P,PR,PR:H69K,69,K,0
Ghafari17,IR.AHV61P,PR,PR:L89M,89,M,0
Ghafari17,IR.AHV6P,PR,PR:I13V,13,V,0
Ghafari17,IR.AHV6P,PR,PR:L19Q,19,Q,0
Ghafari17,IR.AHV6P,PR,PR:K20R,20,R,0
Ghafari17,IR.AHV6P,PR,PR:E35D,35,D,0
Ghafari17,IR.AHV6P,PR,PR:M36I,36,I,0
Ghafari17,IR.AHV6P,PR,PR:N37D,37,D,0
Ghafari17,IR.AHV6P,PR,PR:R41K,41,K,0
Ghafari17,IR.AHV6P,PR,PR:R57K,57,K,0
Ghafari17,IR.AHV6P,PR,PR:D60E,60,E,0
Ghafari17,IR.AHV6P,PR,PR:H69K,69,K,0
Ghafari17,IR.AHV6P,PR,PR:L89M,89,M,0
Ghafari17,IR.AHV7P,PR,PR:I13V,13,V,0
Ghafari17,IR.AHV7P,PR,PR:K20R,20,R,0
Ghafari17,IR.AHV7P,PR,PR:E35D,35,D,0
Ghafari17,IR.AHV7P,PR,PR:M36I,36,I,0
Ghafari17,IR.AHV7P,PR,PR:R41K,41,K,0
Ghafari17,IR.AHV7P,PR,PR:R57K,57,K,0
Ghafari17,IR.AHV7P,PR,PR:L63T,63,T,0
Ghafari17,IR.AHV7P,PR,PR:H69K,69,K,0
Ghafari17,IR.AHV7P,PR,PR:L89M,89,M,0
Ghafari17,IR.AHV8P,PR,PR:I13V,13,V,0
Ghafari17,IR.AHV8P,PR,PR:K14R,14,R,0
Ghafari17,IR.AHV8P,PR,PR:L19Q,19,Q,0
Ghafari17,IR.AHV8P,PR,PR:K20R,20,R,0
Ghafari17,IR.AHV8P,PR,PR:E35D,35,D,0
Ghafari17,IR.AHV8P,PR,PR:M36I,36,I,0
Ghafari17,IR.AHV8P,PR,PR:R41K,41,K,0
Ghafari17,IR.AHV8P,PR,PR:R57K,57,K,0
Ghafari17,IR.AHV8P,PR,PR:L63M,63,M,0
Ghafari17,IR.AHV8P,PR,PR:H69K,69,K,0
Ghafari17,IR.AHV8P,PR,PR:L89M,89,M,0
Ghafari17,IR.AHV10P,RT,RT:E6D,6,D,0
Ghafari17,IR.AHV10P,RT,RT:V8I,8,I,0
Ghafari17,IR.AHV10P,RT,RT:K32R,32,R,0
Ghafari17,IR.AHV10P,RT,RT:V35T,35,T,0
Ghafari17,IR.AHV10P,RT,RT:T39M,39,M,0
Ghafari17,IR.AHV10P,RT,RT:V60I,60,I,0
Ghafari17,IR.AHV10P,RT,RT:K101E,101,E,1
Ghafari17,IR.AHV10P,RT,RT:K103N,103,N,1
Ghafari17,IR.AHV10P,RT,RT:D121Y,121,Y,0
Ghafari17,IR.AHV10P,RT,RT:K122E,122,E,0
Ghafari17,IR.AHV10P,RT,RT:I135K,135,K,1
Ghafari17,IR.AHV10P,RT,RT:I135R,135,R,1
Ghafari17,IR.AHV10P,RT,RT:E169D,169,D,1
Ghafari17,IR.AHV10P,RT,RT:Q174H,174,H,0
Ghafari17,IR.AHV10P,RT,RT:D177E,177,E,0
Ghafari17,IR.AHV10P,RT,RT:V179I,179,I,0
Ghafari17,IR.AHV10P,RT,RT:G190A,190,A,1
Ghafari17,IR.AHV10P,RT,RT:Q207A,207,A,0
Ghafari17,IR.AHV10P,RT,RT:R211K,211,K,0
Ghafari17,IR.AHV11P,RT,RT:V35T,35,T,0
Ghafari17,IR.AHV11P,RT,RT:T39A,39,A,1
Ghafari17,IR.AHV11P,RT,RT:K43R,43,R,0
Ghafari17,IR.AHV11P,RT,RT:V60I,60,I,1
Ghafari17,IR.AHV11P,RT,RT:K101Q,101,Q,0
Ghafari17,IR.AHV11P,RT,RT:K103N,103,N,0
Ghafari17,IR.AHV11P,RT,RT:D121Y,121,Y,0
Ghafari17,IR.AHV11P,RT,RT:K122E,122,E,0
Ghafari17,IR.AHV11P,RT,RT:I135K,135,K,0
Ghafari17,IR.AHV11P,RT,RT:K166R,166,R,0
Ghafari17,IR.AHV11P,RT,RT:D177E,177,E,0
Ghafari17,IR.AHV11P,RT,RT:I178L,178,L,0
Ghafari17,IR.AHV11P,RT,RT:V179I,179,I,0
Ghafari17,IR.AHV11P,RT,RT:T200I,200,I,0
Ghafari17,IR.AHV11P,RT,RT:Q207A,207,A,0
Ghafari17,IR.AHV11P,RT,RT:R211K,211,K,0
Ghafari17,IR.AHV12P,RT,RT:E6D,6,D,0
Ghafari17,IR.AHV12P,RT,RT:V8I,8,I,0
Ghafari17,IR.AHV12P,RT,RT:K20R,20,R,0
Ghafari17,IR.AHV12P,RT,RT:V35T,35,T,0
Ghafari17,IR.AHV12P,RT,RT:T39K,39,K,0
Ghafari17,IR.AHV12P,RT,RT:V60I,60,I,0
Ghafari17,IR.AHV12P,RT,RT:D121Y,121,Y,0
Ghafari17,IR.AHV12P,RT,RT:K122E,122,E,0
Ghafari17,IR.AHV12P,RT,RT:I135R,135,R,0
Ghafari17,IR.AHV12P,RT,RT:Q174N,174,N,0
Ghafari17,IR.AHV12P,RT,RT:D177E,177,E,0
Ghafari17,IR.AHV12P,RT,RT:V179I,179,I,0
Ghafari17,IR.AHV12P,RT,RT:Q207A,207,A,0
Ghafari17,IR.AHV12P,RT,RT:R211K,211,K,0
Ghafari17,IR.AHV14P,RT,RT:V35T,35,T,0
Ghafari17,IR.AHV14P,RT,RT:V60I,60,I,0
Ghafari17,IR.AHV14P,RT,RT:K101R,101,R,0
Ghafari17,IR.AHV14P,RT,RT:K166R,166,R,0
Ghafari17,IR.AHV14P,RT,RT:D177E,177,E,0
Ghafari17,IR.AHV14P,RT,RT:V179I,179,I,0
Ghafari17,IR.AHV14P,RT,RT:T200M,200,M,0
Ghafari17,IR.AHV14P,RT,RT:Q207A,207,A,0
Ghafari17,IR.AHV14P,RT,RT:R211K,211,K,0
Ghafari17,IR.AHV15P,RT,RT:E6D,6,D,0
Ghafari17,IR.AHV15P,RT,RT:K11R,11,R,0
Ghafari17,IR.AHV15P,RT,RT:V21I,21,I,0
Ghafari17,IR.AHV15P,RT,RT:V35T,35,T,0
Ghafari17,IR.AHV15P,RT,RT:T39M,39,M,0
Ghafari17,IR.AHV15P,RT,RT:V60I,60,I,0
Ghafari17,IR.AHV15P,RT,RT:K101R,101,R,0
Ghafari17,IR.AHV15P,RT,RT:V106I,106,I,1
Ghafari17,IR.AHV15P,RT,RT:D121Y,121,Y,0
Ghafari17,IR.AHV15P,RT,RT:K122E,122,E,0
Ghafari17,IR.AHV15P,RT,RT:I135R,135,R,0
Ghafari17,IR.AHV15P,RT,RT:D177E,177,E,0
Ghafari17,IR.AHV15P,RT,RT:I178L,178,L,0
Ghafari17,IR.AHV15P,RT,RT:V179I,179,I,0
Ghafari17,IR.AHV15P,RT,RT:Q207A,207,A,0
Ghafari17,IR.AHV15P,RT,RT:R211K,211,K,0
Ghafari17,IR.AHV16P,RT,RT:E6D,6,D,0
Ghafari17,IR.AHV16P,RT,RT:V8I,8,I,1
Ghafari17,IR.AHV16P,RT,RT:K11R,11,R,0
Ghafari17,IR.AHV16P,RT,RT:V35I,35,I,0
Ghafari17,IR.AHV16P,RT,RT:V60I,60,I,0
Ghafari17,IR.AHV16P,RT,RT:D121Y,121,Y,0
Ghafari17,IR.AHV16P,RT,RT:K122E,122,E,0
Ghafari17,IR.AHV16P,RT,RT:I135M,135,M,0
Ghafari17,IR.AHV16P,RT,RT:S162H,162,H,1
Ghafari17,IR.AHV16P,RT,RT:S162N,162,N,1
Ghafari17,IR.AHV16P,RT,RT:D177E,177,E,0
Ghafari17,IR.AHV16P,RT,RT:V179I,179,I,0
Ghafari17,IR.AHV16P,RT,RT:T200I,200,I,1
Ghafari17,IR.AHV16P,RT,RT:T200M,200,M,1
Ghafari17,IR.AHV16P,RT,RT:T200R,200,R,1
Ghafari17,IR.AHV16P,RT,RT:Q207A,207,A,0
Ghafari17,IR.AHV16P,RT,RT:R211K,211,K,0
Ghafari17,IR.AHV17P,RT,RT:V35T,35,T,0
Ghafari17,IR.AHV17P,RT,RT:V60I,60,I,0
Ghafari17,IR.AHV17P,RT,RT:K122E,122,E,0
Ghafari17,IR.AHV17P,RT,RT:I135R,135,R,0
Ghafari17,IR.AHV17P,RT,RT:Q174H,174,H,0
Ghafari17,IR.AHV17P,RT,RT:D177E,177,E,0
Ghafari17,IR.AHV17P,RT,RT:V179I,179,I,0
Ghafari17,IR.AHV17P,RT,RT:T200I,200,I,0
Ghafari17,IR.AHV17P,RT,RT:Q207A,207,A,0
Ghafari17,IR.AHV17P,RT,RT:R211K,211,K,0
Ghafari17,IR.AHV18P,RT,RT:E6D,6,D,0
Ghafari17,IR.AHV18P,RT,RT:K11R,11,R,0
Ghafari17,IR.AHV18P,RT,RT:V35T,35,T,0
Ghafari17,IR.AHV18P,RT,RT:K43R,43,R,0
Ghafari17,IR.AHV18P,RT,RT:V60I,60,I,0
Ghafari17,IR.AHV18P,RT,RT:K101R,101,R,0
Ghafari17,IR.AHV18P,RT,RT:I135T,135,T,0
Ghafari17,IR.AHV18P,RT,RT:I142T,142,T,0
Ghafari17,IR.AHV18P,RT,RT:S162A,162,A,0
Ghafari17,IR.AHV18P,RT,RT:D177E,177,E,0
Ghafari17,IR.AHV18P,RT,RT:T200I,200,I,0
Ghafari17,IR.AHV18P,RT,RT:Q207D,207,D,0
Ghafari17,IR.AHV18P,RT,RT:R211K,211,K,0
Ghafari17,IR.AHV19P,RT,RT:E6D,6,D,0
Ghafari17,IR.AHV19P,RT,RT:V35T,35,T,0
Ghafari17,IR.AHV19P,RT,RT:T39L,39,L,0
Ghafari17,IR.AHV19P,RT,RT:V60I,60,I,0
Ghafari17,IR.AHV19P,RT,RT:K104R,104,R,0
Ghafari17,IR.AHV19P,RT,RT:K122E,122,E,0
Ghafari17,IR.AHV19P,RT,RT:I135M,135,M,1
Ghafari17,IR.AHV19P,RT,RT:I135R,135,R,1
Ghafari17,IR.AHV19P,RT,RT:S162Y,162,Y,0
Ghafari17,IR.AHV19P,RT,RT:Q174H,174,H,0
Ghafari17,IR.AHV19P,RT,RT:D177E,177,E,0
Ghafari17,IR.AHV19P,RT,RT:V179I,179,I,0
Ghafari17,IR.AHV19P,RT,RT:T200I,200,I,0
Ghafari17,IR.AHV19P,RT,RT:I202V,202,V,0
Ghafari17,IR.AHV19P,RT,RT:Q207A,207,A,0
Ghafari17,IR.AHV19P,RT,RT:R211K,211,K,0
Ghafari17,IR.AHV1P,RT,RT:E6D,6,D,0
Ghafari17,IR.AHV1P,RT,RT:K11R,11,R,1
Ghafari17,IR.AHV1P,RT,RT:K32E,32,E,1
Ghafari17,IR.AHV1P,RT,RT:V35I,35,I,1
Ghafari17,IR.AHV1P,RT,RT:V35T,35,T,1
Ghafari17,IR.AHV1P,RT,RT:K49R,49,R,0
Ghafari17,IR.AHV1P,RT,RT:V60I,60,I,0
Ghafari17,IR.AHV1P,RT,RT:S68T,68,T,0
Ghafari17,IR.AHV1P,RT,RT:V118I,118,I,1
Ghafari17,IR.AHV1P,RT,RT:I135R,135,R,0
Ghafari17,IR.AHV1P,RT,RT:K173R,173,R,1
Ghafari17,IR.AHV1P,RT,RT:D177E,177,E,0
Ghafari17,IR.AHV1P,RT,RT:I178L,178,L,0
Ghafari17,IR.AHV1P,RT,RT:V179I,179,I,0
Ghafari17,IR.AHV1P,RT,RT:T200I,200,I,0
Ghafari17,IR.AHV1P,RT,RT:Q207A,207,A,0
Ghafari17,IR.AHV1P,RT,RT:R211K,211,K,0
Ghafari17,IR.AHV20P,RT,RT:E6D,6,D,0
Ghafari17,IR.AHV20P,RT,RT:K11R,11,R,0
Ghafari17,IR.AHV20P,RT,RT:V35T,35,T,0
Ghafari17,IR.AHV20P,RT,RT:T39M,39,M,0
Ghafari17,IR.AHV20P,RT,RT:V60I,60,I,0
Ghafari17,IR.AHV20P,RT,RT:K122E,122,E,0
Ghafari17,IR.AHV20P,RT,RT:I135R,135,R,0
Ghafari17,IR.AHV20P,RT,RT:Q174H,174,H,0
Ghafari17,IR.AHV20P,RT,RT:D177E,177,E,0
Ghafari17,IR.AHV20P,RT,RT:V179I,179,I,0
Ghafari17,IR.AHV20P,RT,RT:T200I,200,I,0
Ghafari17,IR.AHV20P,RT,RT:Q207A,207,A,0
Ghafari17,IR.AHV20P,RT,RT:R211K,211,K,0
Ghafari17,IR.AHV21P,RT,RT:E6D,6,D,0
Ghafari17,IR.AHV21P,RT,RT:V8I,8,I,0
Ghafari17,IR.AHV21P,RT,RT:K11R,11,R,0
Ghafari17,IR.AHV21P,RT,RT:V35T,35,T,0
Ghafari17,IR.AHV21P,RT,RT:V60I,60,I,0
Ghafari17,IR.AHV21P,RT,RT:D121Y,121,Y,0
Ghafari17,IR.AHV21P,RT,RT:K122E,122,E,0
Ghafari17,IR.AHV21P,RT,RT:I135R,135,R,0
Ghafari17,IR.AHV21P,RT,RT:Q174H,174,H,0
Ghafari17,IR.AHV21P,RT,RT:D177E,177,E,0
Ghafari17,IR.AHV21P,RT,RT:V179I,179,I,0
Ghafari17,IR.AHV21P,RT,RT:T200I,200,I,0
Ghafari17,IR.AHV21P,RT,RT:Q207A,207,A,0
Ghafari17,IR.AHV21P,RT,RT:R211K,211,K,0
Ghafari17,IR.AHV22P,RT,RT:E6D,6,D,0
Ghafari17,IR.AHV22P,RT,RT:V35T,35,T,0
Ghafari17,IR.AHV22P,RT,RT:T39A,39,A,0
Ghafari17,IR.AHV22P,RT,RT:K49R,49,R,0
Ghafari17,IR.AHV22P,RT,RT:V60I,60,I,0
Ghafari17,IR.AHV22P,RT,RT:D121Y,121,Y,0
Ghafari17,IR.AHV22P,RT,RT:K122E,122,E,0
Ghafari17,IR.AHV22P,RT,RT:I135T,135,T,0
Ghafari17,IR.AHV22P,RT,RT:I142T,142,T,0
Ghafari17,IR.AHV22P,RT,RT:D177E,177,E,0
Ghafari17,IR.AHV22P,RT,RT:T200A,200,A,0
Ghafari17,IR.AHV22P,RT,RT:Q207A,207,A,0
Ghafari17,IR.AHV22P,RT,RT:R211K,211,K,0
Ghafari17,IR.AHV23P,RT,RT:E6D,6,D,0
Ghafari17,IR.AHV23P,RT,RT:V8I,8,I,0
Ghafari17,IR.AHV23P,RT,RT:V35T,35,T,0
Ghafari17,IR.AHV23P,RT,RT:T39L,39,L,0
Ghafari17,IR.AHV23P,RT,RT:V60I,60,I,0
Ghafari17,IR.AHV23P,RT,RT:D121Y,121,Y,0
Ghafari17,IR.AHV23P,RT,RT:K122E,122,E,0
Ghafari17,IR.AHV23P,RT,RT:I135R,135,R,0
Ghafari17,IR.AHV23P,RT,RT:K166R,166,R,0
Ghafari17,IR.AHV23P,RT,RT:Q174H,174,H,0
Ghafari17,IR.AHV23P,RT,RT:D177E,177,E,0
Ghafari17,IR.AHV23P,RT,RT:V179I,179,I,0
Ghafari17,IR.AHV23P,RT,RT:T200I,200,I,0
Ghafari17,IR.AHV23P,RT,RT:Q207A,207,A,0
Ghafari17,IR.AHV23P,RT,RT:R211K,211,K,0
Ghafari17,IR.AHV24P,RT,RT:E6D,6,D,0
Ghafari17,IR.AHV24P,RT,RT:V35T,35,T,0
Ghafari17,IR.AHV24P,RT,RT:E36A,36,A,0
Ghafari17,IR.AHV24P,RT,RT:V60I,60,I,0
Ghafari17,IR.AHV24P,RT,RT:D121Y,121,Y,0
Ghafari17,IR.AHV24P,RT,RT:K122E,122,E,0
Ghafari17,IR.AHV24P,RT,RT:D177E,177,E,0
Ghafari17,IR.AHV24P,RT,RT:V179I,179,I,0
Ghafari17,IR.AHV24P,RT,RT:Q207D,207,D,0
Ghafari17,IR.AHV24P,RT,RT:R211K,211,K,0
Ghafari17,IR.AHV25P,RT,RT:E6D,6,D,0
Ghafari17,IR.AHV25P,RT,RT:V8I,8,I,0
Ghafari17,IR.AHV25P,RT,RT:K11R,11,R,0
Ghafari17,IR.AHV25P,RT,RT:V35T,35,T,0
Ghafari17,IR.AHV25P,RT,RT:V60I,60,I,0
Ghafari17,IR.AHV25P,RT,RT:D121Y,121,Y,0
Ghafari17,IR.AHV25P,RT,RT:K122E,122,E,0
Ghafari17,IR.AHV25P,RT,RT:I135R,135,R,0
Ghafari17,IR.AHV25P,RT,RT:Q174H,174,H,0
Ghafari17,IR.AHV25P,RT,RT:D177E,177,E,0
Ghafari17,IR.AHV25P,RT,RT:V179I,179,I,0
Ghafari17,IR.AHV25P,RT,RT:T200I,200,I,0
Ghafari17,IR.AHV25P,RT,RT:Q207A,207,A,0
Ghafari17,IR.AHV25P,RT,RT:R211K,211,K,0
Ghafari17,IR.AHV26P,RT,RT:E6D,6,D,0
Ghafari17,IR.AHV26P,RT,RT:K11M,11,M,0
Ghafari17,IR.AHV26P,RT,RT:V35T,35,T,0
Ghafari17,IR.AHV26P,RT,RT:T39E,39,E,0
Ghafari17,IR.AHV26P,RT,RT:V60I,60,I,0
Ghafari17,IR.AHV26P,RT,RT:D121Y,121,Y,0
Ghafari17,IR.AHV26P,RT,RT:K122E,122,E,0
Ghafari17,IR.AHV26P,RT,RT:I135R,135,R,0
Ghafari17,IR.AHV26P,RT,RT:D177E,177,E,0
Ghafari17,IR.AHV26P,RT,RT:I178M,178,M,0
Ghafari17,IR.AHV26P,RT,RT:V179I,179,I,0
Ghafari17,IR.AHV26P,RT,RT:V189I,189,I,0
Ghafari17,IR.AHV26P,RT,RT:T200I,200,I,0
Ghafari17,IR.AHV26P,RT,RT:I202V,202,V,0
Ghafari17,IR.AHV26P,RT,RT:Q207A,207,A,0
Ghafari17,IR.AHV26P,RT,RT:R211K,211,K,0
Ghafari17,IR.AHV28P,RT,RT:E6D,6,D,0
Ghafari17,IR.AHV28P,RT,RT:V35T,35,T,0
Ghafari17,IR.AHV28P,RT,RT:T39A,39,A,1
Ghafari17,IR.AHV28P,RT,RT:E40D,40,D,0
Ghafari17,IR.AHV28P,RT,RT:V60I,60,I,0
Ghafari17,IR.AHV28P,RT,RT:I135R,135,R,0
Ghafari17,IR.AHV28P,RT,RT:Q174H,174,H,0
Ghafari17,IR.AHV28P,RT,RT:D177E,177,E,0
Ghafari17,IR.AHV28P,RT,RT:V179I,179,I,0
Ghafari17,IR.AHV28P,RT,RT:I202V,202,V,0
Ghafari17,IR.AHV28P,RT,RT:Q207A,207,A,0
Ghafari17,IR.AHV28P,RT,RT:R211K,211,K,0
Ghafari17,IR.AHV29P,RT,RT:E6D,6,D,0
Ghafari17,IR.AHV29P,RT,RT:K11R,11,R,0
Ghafari17,IR.AHV29P,RT,RT:K13R,13,R,0
Ghafari17,IR.AHV29P,RT,RT:V35T,35,T,0
Ghafari17,IR.AHV29P,RT,RT:T39L,39,L,0
Ghafari17,IR.AHV29P,RT,RT:V60I,60,I,0
Ghafari17,IR.AHV29P,RT,RT:K122E,122,E,0
Ghafari17,IR.AHV29P,RT,RT:I135T,135,T,0
Ghafari17,IR.AHV29P,RT,RT:D177E,177,E,0
Ghafari17,IR.AHV29P,RT,RT:V179I,179,I,0
Ghafari17,IR.AHV29P,RT,RT:Q207A,207,A,0
Ghafari17,IR.AHV29P,RT,RT:R211K,211,K,0
Ghafari17,IR.AHV2P,RT,RT:E6D,6,D,0
Ghafari17,IR.AHV2P,RT,RT:V8I,8,I,0
Ghafari17,IR.AHV2P,RT,RT:K11R,11,R,0
Ghafari17,IR.AHV2P,RT,RT:V35T,35,T,0
Ghafari17,IR.AHV2P,RT,RT:V60I,60,I,0
Ghafari17,IR.AHV2P,RT,RT:D121Y,121,Y,0
Ghafari17,IR.AHV2P,RT,RT:K122E,122,E,0
Ghafari17,IR.AHV2P,RT,RT:I135T,135,T,0
Ghafari17,IR.AHV2P,RT,RT:D177E,177,E,0
Ghafari17,IR.AHV2P,RT,RT:I178M,178,M,1
Ghafari17,IR.AHV2P,RT,RT:V179I,179,I,0
Ghafari17,IR.AHV2P,RT,RT:T200I,200,I,0
Ghafari17,IR.AHV2P,RT,RT:Q207A,207,A,0
Ghafari17,IR.AHV2P,RT,RT:R211K,211,K,0
Ghafari17,IR.AHV30P,RT,RT:V35T,35,T,0
Ghafari17,IR.AHV30P,RT,RT:V60I,60,I,0
Ghafari17,IR.AHV30P,RT,RT:K122E,122,E,0
Ghafari17,IR.AHV30P,RT,RT:Q207A,207,A,0
Ghafari17,IR.AHV30P,RT,RT:R211K,211,K,0
Ghafari17,IR.AHV31P,RT,RT:E6D,6,D,0
Ghafari17,IR.AHV31P,RT,RT:K11R,11,R,0
Ghafari17,IR.AHV31P,RT,RT:V21I,21,I,0
Ghafari17,IR.AHV31P,RT,RT:V35T,35,T,0
Ghafari17,IR.AHV31P,RT,RT:T39M,39,M,0
Ghafari17,IR.AHV31P,RT,RT:V60I,60,I,0
Ghafari17,IR.AHV31P,RT,RT:D121Y,121,Y,0
Ghafari17,IR.AHV31P,RT,RT:K122E,122,E,0
Ghafari17,IR.AHV31P,RT,RT:D177E,177,E,0
Ghafari17,IR.AHV31P,RT,RT:I178L,178,L,0
Ghafari17,IR.AHV31P,RT,RT:V179I,179,I,0
Ghafari17,IR.AHV31P,RT,RT:Q207A,207,A,0
Ghafari17,IR.AHV31P,RT,RT:R211K,211,K,0
Ghafari17,IR.AHV32P,RT,RT:E6D,6,D,0
Ghafari17,IR.AHV32P,RT,RT:V35T,35,T,0
Ghafari17,IR.AHV32P,RT,RT:V60I,60,I,0
Ghafari17,IR.AHV32P,RT,RT:D121Y,121,Y,0
Ghafari17,IR.AHV32P,RT,RT:K122E,122,E,0
Ghafari17,IR.AHV32P,RT,RT:K173N,173,N,0
Ghafari17,IR.AHV32P,RT,RT:D177E,177,E,0
Ghafari17,IR.AHV32P,RT,RT:V179I,179,I,0
Ghafari17,IR.AHV32P,RT,RT:T200I,200,I,0
Ghafari17,IR.AHV32P,RT,RT:Q207A,207,A,0
Ghafari17,IR.AHV32P,RT,RT:R211K,211,K,0
Ghafari17,IR.AHV32P,RT,RT:P225A,225,A,0
Ghafari17,IR.AHV33P,RT,RT:E6D,6,D,0
Ghafari17,IR.AHV33P,RT,RT:V8I,8,I,0
Ghafari17,IR.AHV33P,RT,RT:K32R,32,R,0
Ghafari17,IR.AHV33P,RT,RT:V35T,35,T,0
Ghafari17,IR.AHV33P,RT,RT:T39M,39,M,0
Ghafari17,IR.AHV33P,RT,RT:V60I,60,I,0
Ghafari17,IR.AHV33P,RT,RT:D121Y,121,Y,0
Ghafari17,IR.AHV33P,RT,RT:K122E,122,E,0
Ghafari17,IR.AHV33P,RT,RT:I135R,135,R,0
Ghafari17,IR.AHV33P,RT,RT:Q174H,174,H,0
Ghafari17,IR.AHV33P,RT,RT:D177E,177,E,0
Ghafari17,IR.AHV33P,RT,RT:V179I,179,I,0
Ghafari17,IR.AHV33P,RT,RT:T200I,200,I,0
Ghafari17,IR.AHV33P,RT,RT:Q207A,207,A,0
Ghafari17,IR.AHV33P,RT,RT:R211K,211,K,0
Ghafari17,IR.AHV34P,RT,RT:K20R,20,R,0
Ghafari17,IR.AHV34P,RT,RT:V35T,35,T,0
Ghafari17,IR.AHV34P,RT,RT:V60I,60,I,0
Ghafari17,IR.AHV34P,RT,RT:D121Y,121,Y,0
Ghafari17,IR.AHV34P,RT,RT:K122E,122,E,0
Ghafari17,IR.AHV34P,RT,RT:I135R,135,R,0
Ghafari17,IR.AHV34P,RT,RT:Q174H,174,H,0
Ghafari17,IR.AHV34P,RT,RT:D177E,177,E,0
Ghafari17,IR.AHV34P,RT,RT:V179I,179,I,0
Ghafari17,IR.AHV34P,RT,RT:T200I,200,I,1
Ghafari17,IR.AHV34P,RT,RT:Q207A,207,A,0
Ghafari17,IR.AHV34P,RT,RT:R211K,211,K,0
Ghafari17,IR.AHV35P,RT,RT:E6D,6,D,0
Ghafari17,IR.AHV35P,RT,RT:V8I,8,I,0
Ghafari17,IR.AHV35P,RT,RT:K11R,11,R,1
Ghafari17,IR.AHV35P,RT,RT:V35T,35,T,0
Ghafari17,IR.AHV35P,RT,RT:V60I,60,I,0
Ghafari17,IR.AHV35P,RT,RT:K101R,101,R,0
Ghafari17,IR.AHV35P,RT,RT:D121Y,121,Y,0
Ghafari17,IR.AHV35P,RT,RT:K122E,122,E,0
Ghafari17,IR.AHV35P,RT,RT:I135T,135,T,0
Ghafari17,IR.AHV35P,RT,RT:D177E,177,E,0
Ghafari17,IR.AHV35P,RT,RT:I178L,178,L,0
Ghafari17,IR.AHV35P,RT,RT:V179I,179,I,0
Ghafari17,IR.AHV35P,RT,RT:T200I,200,I,0
Ghafari17,IR.AHV35P,RT,RT:Q207A,207,A,0
Ghafari17,IR.AHV35P,RT,RT:R211K,211,K,0
Ghafari17,IR.AHV37P,RT,RT:E6D,6,D,0
Ghafari17,IR.AHV37P,RT,RT:V21I,21,I,0
Ghafari17,IR.AHV37P,RT,RT:K22R,22,R,0
Ghafari17,IR.AHV37P,RT,RT:V35T,35,T,0
Ghafari17,IR.AHV37P,RT,RT:T39A,39,A,0
Ghafari17,IR.AHV37P,RT,RT:V60I,60,I,0
Ghafari17,IR.AHV37P,RT,RT:D121Y,121,Y,0
Ghafari17,IR.AHV37P,RT,RT:K122E,122,E,0
Ghafari17,IR.AHV37P,RT,RT:I135L,135,L,0
Ghafari17,IR.AHV37P,RT,RT:E138A,138,A,0
Ghafari17,IR.AHV37P,RT,RT:T139I,139,I,0
Ghafari17,IR.AHV37P,RT,RT:I142V,142,V,0
Ghafari17,IR.AHV37P,RT,RT:D177E,177,E,0
Ghafari17,IR.AHV37P,RT,RT:Q207D,207,D,0
Ghafari17,IR.AHV37P,RT,RT:R211K,211,K,0
Ghafari17,IR.AHV38P,RT,RT:E6D,6,D,0
Ghafari17,IR.AHV38P,RT,RT:K11R,11,R,1
Ghafari17,IR.AHV38P,RT,RT:V35T,35,T,0
Ghafari17,IR.AHV38P,RT,RT:T39A,39,A,0
Ghafari17,IR.AHV38P,RT,RT:V60I,60,I,0
Ghafari17,IR.AHV38P,RT,RT:D121Y,121,Y,0
Ghafari17,IR.AHV38P,RT,RT:K122E,122,E,0
Ghafari17,IR.AHV38P,RT,RT:I135T,135,T,0
Ghafari17,IR.AHV38P,RT,RT:I142A,142,A,1
Ghafari17,IR.AHV38P,RT,RT:I142T,142,T,1
Ghafari17,IR.AHV38P,RT,RT:Q174H,174,H,0
Ghafari17,IR.AHV38P,RT,RT:V179I,179,I,0
Ghafari17,IR.AHV38P,RT,RT:Q207A,207,A,0
Ghafari17,IR.AHV38P,RT,RT:R211K,211,K,0
Ghafari17,IR.AHV39P,RT,RT:E6D,6,D,0
Ghafari17,IR.AHV39P,RT,RT:E28D,28,D,0
Ghafari17,IR.AHV39P,RT,RT:V35T,35,T,0
Ghafari17,IR.AHV39P,RT,RT:T39S,39,S,0
Ghafari17,IR.AHV39P,RT,RT:K49R,49,R,0
Ghafari17,IR.AHV39P,RT,RT:V60I,60,I,0
Ghafari17,IR.AHV39P,RT,RT:D121Y,121,Y,0
Ghafari17,IR.AHV39P,RT,RT:K122E,122,E,0
Ghafari17,IR.AHV39P,RT,RT:I135T,135,T,0
Ghafari17,IR.AHV39P,RT,RT:S162N,162,N,0
Ghafari17,IR.AHV39P,RT,RT:Q174H,174,H,0
Ghafari17,IR.AHV39P,RT,RT:D177E,177,E,0
Ghafari17,IR.AHV39P,RT,RT:V179I,179,I,0
Ghafari17,IR.AHV39P,RT,RT:T200I,200,I,0
Ghafari17,IR.AHV39P,RT,RT:Q207A,207,A,0
Ghafari17,IR.AHV39P,RT,RT:R211K,211,K,0
Ghafari17,IR.AHV3P,RT,RT:V35T,35,T,0
Ghafari17,IR.AHV3P,RT,RT:V60I,60,I,0
Ghafari17,IR.AHV3P,RT,RT:D121Y,121,Y,0
Ghafari17,IR.AHV3P,RT,RT:K122E,122,E,0
Ghafari17,IR.AHV3P,RT,RT:I135T,135,T,0
Ghafari17,IR.AHV3P,RT,RT:I142V,142,V,0
Ghafari17,IR.AHV3P,RT,RT:R172K,172,K,0
Ghafari17,IR.AHV3P,RT,RT:D177E,177,E,0
Ghafari17,IR.AHV3P,RT,RT:V179I,179,I,0
Ghafari17,IR.AHV3P,RT,RT:T200I,200,I,0
Ghafari17,IR.AHV3P,RT,RT:Q207A,207,A,0
Ghafari17,IR.AHV3P,RT,RT:R211K,211,K,0
Ghafari17,IR.AHV40P,RT,RT:E6D,6,D,0
Ghafari17,IR.AHV40P,RT,RT:K11R,11,R,1
Ghafari17,IR.AHV40P,RT,RT:V35T,35,T,0
Ghafari17,IR.AHV40P,RT,RT:T39K,39,K,0
Ghafari17,IR.AHV40P,RT,RT:V60I,60,I,0
Ghafari17,IR.AHV40P,RT,RT:K101Q,101,Q,0
Ghafari17,IR.AHV40P,RT,RT:K122E,122,E,0
Ghafari17,IR.AHV40P,RT,RT:I135R,135,R,0
Ghafari17,IR.AHV40P,RT,RT:K166R,166,R,1
Ghafari17,IR.AHV40P,RT,RT:Q174H,174,H,0
Ghafari17,IR.AHV40P,RT,RT:D177E,177,E,0
Ghafari17,IR.AHV40P,RT,RT:V179I,179,I,0
Ghafari17,IR.AHV40P,RT,RT:G196E,196,E,0
Ghafari17,IR.AHV40P,RT,RT:T200R,200,R,0
Ghafari17,IR.AHV40P,RT,RT:Q207A,207,A,0
Ghafari17,IR.AHV40P,RT,RT:R211K,211,K,0
Ghafari17,IR.AHV41P,RT,RT:E6D,6,D,0
Ghafari17,IR.AHV41P,RT,RT:K20R,20,R,0
Ghafari17,IR.AHV41P,RT,RT:V35T,35,T,0
Ghafari17,IR.AHV41P,RT,RT:T39I,39,I,0
Ghafari17,IR.AHV41P,RT,RT:V60I,60,I,0
Ghafari17,IR.AHV41P,RT,RT:D121H,121,H,0
Ghafari17,IR.AHV41P,RT,RT:K122E,122,E,0
Ghafari17,IR.AHV41P,RT,RT:D123E,123,E,0
Ghafari17,IR.AHV41P,RT,RT:A158S,158,S,0
Ghafari17,IR.AHV41P,RT,RT:T165I,165,I,0
Ghafari17,IR.AHV41P,RT,RT:Q174H,174,H,0
Ghafari17,IR.AHV41P,RT,RT:D177E,177,E,0
Ghafari17,IR.AHV41P,RT,RT:V179I,179,I,0
Ghafari17,IR.AHV41P,RT,RT:Q207A,207,A,0
Ghafari17,IR.AHV41P,RT,RT:R211K,211,K,0
Ghafari17,IR.AHV42P,RT,RT:E6D,6,D,0
Ghafari17,IR.AHV42P,RT,RT:V8I,8,I,0
Ghafari17,IR.AHV42P,RT,RT:T27S,27,S,1
Ghafari17,IR.AHV42P,RT,RT:V35T,35,T,0
Ghafari17,IR.AHV42P,RT,RT:T39M,39,M,0
Ghafari17,IR.AHV42P,RT,RT:V60I,60,I,0
Ghafari17,IR.AHV42P,RT,RT:D121Y,121,Y,0
Ghafari17,IR.AHV42P,RT,RT:K122E,122,E,0
Ghafari17,IR.AHV42P,RT,RT:D123G,123,G,0
Ghafari17,IR.AHV42P,RT,RT:T165I,165,I,0
Ghafari17,IR.AHV42P,RT,RT:D177E,177,E,0
Ghafari17,IR.AHV42P,RT,RT:T200I,200,I,0
Ghafari17,IR.AHV42P,RT,RT:Q207A,207,A,0
Ghafari17,IR.AHV42P,RT,RT:R211K,211,K,0
Ghafari17,IR.AHV46P,RT,RT:E6D,6,D,0
Ghafari17,IR.AHV46P,RT,RT:K11R,11,R,0
Ghafari17,IR.AHV46P,RT,RT:V35T,35,T,0
Ghafari17,IR.AHV46P,RT,RT:V60I,60,I,0
Ghafari17,IR.AHV46P,RT,RT:D121Y,121,Y,0
Ghafari17,IR.AHV46P,RT,RT:K122E,122,E,0
Ghafari17,IR.AHV46P,RT,RT:I135T,135,T,0
Ghafari17,IR.AHV46P,RT,RT:V179I,179,I,0
Ghafari17,IR.AHV46P,RT,RT:T200I,200,I,0
Ghafari17,IR.AHV46P,RT,RT:Q207A,207,A,0
Ghafari17,IR.AHV46P,RT,RT:R211K,211,K,0
Ghafari17,IR.AHV48P,RT,RT:E6D,6,D,0
Ghafari17,IR.AHV48P,RT,RT:V35T,35,T,0
Ghafari17,IR.AHV48P,RT,RT:V60I,60,I,0
Ghafari17,IR.AHV48P,RT,RT:S68G,68,G,0
Ghafari17,IR.AHV48P,RT,RT:K122E,122,E,0
Ghafari17,IR.AHV48P,RT,RT:I135T,135,T,0
Ghafari17,IR.AHV48P,RT,RT:E138A,138,A,0
Ghafari17,IR.AHV48P,RT,RT:V179I,179,I,0
Ghafari17,IR.AHV48P,RT,RT:T200I,200,I,0
Ghafari17,IR.AHV48P,RT,RT:Q207A,207,A,0
Ghafari17,IR.AHV48P,RT,RT:R211K,211,K,0
Ghafari17,IR.AHV49P,RT,RT:E6D,6,D,0
Ghafari17,IR.AHV49P,RT,RT:K11R,11,R,0
Ghafari17,IR.AHV49P,RT,RT:K20R,20,R,0
Ghafari17,IR.AHV49P,RT,RT:V35T,35,T,0
Ghafari17,IR.AHV49P,RT,RT:V60I,60,I,0
Ghafari17,IR.AHV49P,RT,RT:D123E,123,E,0
Ghafari17,IR.AHV49P,RT,RT:D177E,177,E,0
Ghafari17,IR.AHV49P,RT,RT:V179I,179,I,0
Ghafari17,IR.AHV49P,RT,RT:T200L,200,L,0
Ghafari17,IR.AHV49P,RT,RT:Q207A,207,A,0
Ghafari17,IR.AHV49P,RT,RT:R211K,211,K,0
Ghafari17,IR.AHV4P,RT,RT:E6D,6,D,0
Ghafari17,IR.AHV4P,RT,RT:V8I,8,I,0
Ghafari17,IR.AHV4P,RT,RT:K11R,11,R,0
Ghafari17,IR.AHV4P,RT,RT:V35T,35,T,0
Ghafari17,IR.AHV4P,RT,RT:V60I,60,I,0
Ghafari17,IR.AHV4P,RT,RT:D121Y,121,Y,0
Ghafari17,IR.AHV4P,RT,RT:K122E,122,E,0
Ghafari17,IR.AHV4P,RT,RT:I135T,135,T,0
Ghafari17,IR.AHV4P,RT,RT:I167T,167,T,0
Ghafari17,IR.AHV4P,RT,RT:N175Y,175,Y,0
Ghafari17,IR.AHV4P,RT,RT:D177E,177,E,0
Ghafari17,IR.AHV4P,RT,RT:I178L,178,L,0
Ghafari17,IR.AHV4P,RT,RT:V179I,179,I,0
Ghafari17,IR.AHV4P,RT,RT:T200I,200,I,0
Ghafari17,IR.AHV4P,RT,RT:Q207A,207,A,0
Ghafari17,IR.AHV4P,RT,RT:R211K,211,K,0
Ghafari17,IR.AHV50P,RT,RT:E6D,6,D,0
Ghafari17,IR.AHV50P,RT,RT:V35T,35,T,0
Ghafari17,IR.AHV50P,RT,RT:V60I,60,I,0
Ghafari17,IR.AHV50P,RT,RT:D121Y,121,Y,0
Ghafari17,IR.AHV50P,RT,RT:K122E,122,E,0
Ghafari17,IR.AHV50P,RT,RT:D123E,123,E,0
Ghafari17,IR.AHV50P,RT,RT:I159V,159,V,1
Ghafari17,IR.AHV50P,RT,RT:Q207A,207,A,0
Ghafari17,IR.AHV50P,RT,RT:R211K,211,K,0
Ghafari17,IR.AHV51P,RT,RT:E6D,6,D,0
Ghafari17,IR.AHV51P,RT,RT:V8I,8,I,0
Ghafari17,IR.AHV51P,RT,RT:W24R,24,R,0
Ghafari17,IR.AHV51P,RT,RT:V35T,35,T,0
Ghafari17,IR.AHV51P,RT,RT:V60I,60,I,0
Ghafari17,IR.AHV51P,RT,RT:K64R,64,R,0
Ghafari17,IR.AHV51P,RT,RT:D121Y,121,Y,1
Ghafari17,IR.AHV51P,RT,RT:K122E,122,E,1
Ghafari17,IR.AHV51P,RT,RT:I135R,135,R,0
Ghafari17,IR.AHV51P,RT,RT:K166R,166,R,1
Ghafari17,IR.AHV51P,RT,RT:D177E,177,E,0
Ghafari17,IR.AHV51P,RT,RT:T200I,200,I,0
Ghafari17,IR.AHV51P,RT,RT:Q207A,207,A,0
Ghafari17,IR.AHV51P,RT,RT:R211K,211,K,0
Ghafari17,IR.AHV52P,RT,RT:E6D,6,D,0
Ghafari17,IR.AHV52P,RT,RT:K11R,11,R,0
Ghafari17,IR.AHV52P,RT,RT:V21I,21,I,1
Ghafari17,IR.AHV52P,RT,RT:V35T,35,T,0
Ghafari17,IR.AHV52P,RT,RT:V60I,60,I,0
Ghafari17,IR.AHV52P,RT,RT:D121Y,121,Y,0
Ghafari17,IR.AHV52P,RT,RT:K122E,122,E,0
Ghafari17,IR.AHV52P,RT,RT:I135T,135,T,0
Ghafari17,IR.AHV52P,RT,RT:S162N,162,N,0
Ghafari17,IR.AHV52P,RT,RT:D177E,177,E,0
Ghafari17,IR.AHV52P,RT,RT:I178L,178,L,0
Ghafari17,IR.AHV52P,RT,RT:V179I,179,I,0
Ghafari17,IR.AHV52P,RT,RT:G196R,196,R,1
Ghafari17,IR.AHV52P,RT,RT:T200I,200,I,1
Ghafari17,IR.AHV52P,RT,RT:Q207A,207,A,0
Ghafari17,IR.AHV52P,RT,RT:R211K,211,K,0
Ghafari17,IR.AHV53P,RT,RT:E6D,6,D,1
Ghafari17,IR.AHV53P,RT,RT:V35T,35,T,0
Ghafari17,IR.AHV53P,RT,RT:K43Q,43,Q,0
Ghafari17,IR.AHV53P,RT,RT:K49R,49,R,0
Ghafari17,IR.AHV53P,RT,RT:V60I,60,I,0
Ghafari17,IR.AHV53P,RT,RT:K122E,122,E,0
Ghafari17,IR.AHV53P,RT,RT:D123E,123,E,0
Ghafari17,IR.AHV53P,RT,RT:D177E,177,E,0
Ghafari17,IR.AHV53P,RT,RT:I178M,178,M,0
Ghafari17,IR.AHV53P,RT,RT:V179I,179,I,0
Ghafari17,IR.AHV53P,RT,RT:Q207A,207,A,0
Ghafari17,IR.AHV53P,RT,RT:R211K,211,K,0
Ghafari17,IR.AHV54P,RT,RT:E6D,6,D,0
Ghafari17,IR.AHV54P,RT,RT:V35T,35,T,0
Ghafari17,IR.AHV54P,RT,RT:V60I,60,I,0
Ghafari17,IR.AHV54P,RT,RT:D121Y,121,Y,0
Ghafari17,IR.AHV54P,RT,RT:K122E,122,E,0
Ghafari17,IR.AHV54P,RT,RT:V179I,179,I,0
Ghafari17,IR.AHV54P,RT,RT:Q207A,207,A,0
Ghafari17,IR.AHV54P,RT,RT:R211K,211,K,0
Ghafari17,IR.AHV55P,RT,RT:E6D,6,D,0
Ghafari17,IR.AHV55P,RT,RT:V8I,8,I,0
Ghafari17,IR.AHV55P,RT,RT:V35T,35,T,0
Ghafari17,IR.AHV55P,RT,RT:V60I,60,I,0
Ghafari17,IR.AHV55P,RT,RT:K122V,122,V,0
Ghafari17,IR.AHV55P,RT,RT:K166R,166,R,1
Ghafari17,IR.AHV55P,RT,RT:Q174H,174,H,0
Ghafari17,IR.AHV55P,RT,RT:D177E,177,E,0
Ghafari17,IR.AHV55P,RT,RT:V179I,179,I,0
Ghafari17,IR.AHV55P,RT,RT:T200I,200,I,0
Ghafari17,IR.AHV55P,RT,RT:Q207A,207,A,0
Ghafari17,IR.AHV55P,RT,RT:R211K,211,K,0
Ghafari17,IR.AHV56P,RT,RT:E6D,6,D,0
Ghafari17,IR.AHV56P,RT,RT:K11R,11,R,0
Ghafari17,IR.AHV56P,RT,RT:V21I,21,I,0
Ghafari17,IR.AHV56P,RT,RT:V35T,35,T,0
Ghafari17,IR.AHV56P,RT,RT:T39M,39,M,0
Ghafari17,IR.AHV56P,RT,RT:V60I,60,I,0
Ghafari17,IR.AHV56P,RT,RT:D121Y,121,Y,0
Ghafari17,IR.AHV56P,RT,RT:K122E,122,E,0
Ghafari17,IR.AHV56P,RT,RT:D177E,177,E,0
Ghafari17,IR.AHV56P,RT,RT:I178L,178,L,0
Ghafari17,IR.AHV56P,RT,RT:V179I,179,I,0
Ghafari17,IR.AHV56P,RT,RT:Q207A,207,A,0
Ghafari17,IR.AHV56P,RT,RT:R211K,211,K,0
Ghafari17,IR.AHV57P,RT,RT:E6D,6,D,0
Ghafari17,IR.AHV57P,RT,RT:K11R,11,R,0
Ghafari17,IR.AHV57P,RT,RT:V35T,35,T,0
Ghafari17,IR.AHV57P,RT,RT:V60I,60,I,0
Ghafari17,IR.AHV57P,RT,RT:D121Y,121,Y,0
Ghafari17,IR.AHV57P,RT,RT:K122E,122,E,0
Ghafari17,IR.AHV57P,RT,RT:I135M,135,M,0
Ghafari17,IR.AHV57P,RT,RT:D177E,177,E,0
Ghafari17,IR.AHV57P,RT,RT:V179S,179,S,0
Ghafari17,IR.AHV57P,RT,RT:T200M,200,M,0
Ghafari17,IR.AHV57P,RT,RT:Q207A,207,A,0
Ghafari17,IR.AHV57P,RT,RT:R211K,211,K,0
Ghafari17,IR.AHV58P,RT,RT:E6D,6,D,0
Ghafari17,IR.AHV58P,RT,RT:V21I,21,I,0
Ghafari17,IR.AHV58P,RT,RT:V35T,35,T,0
Ghafari17,IR.AHV58P,RT,RT:T39L,39,L,0
Ghafari17,IR.AHV58P,RT,RT:V60I,60,I,0
Ghafari17,IR.AHV58P,RT,RT:D121Y,121,Y,1
Ghafari17,IR.AHV58P,RT,RT:K122E,122,E,0
Ghafari17,IR.AHV58P,RT,RT:S162A,162,A,0
Ghafari17,IR.AHV58P,RT,RT:Q174H,174,H,1
Ghafari17,IR.AHV58P,RT,RT:D177E,177,E,1
Ghafari17,IR.AHV58P,RT,RT:T200A,200,A,1
Ghafari17,IR.AHV58P,RT,RT:Q207A,207,A,0
Ghafari17,IR.AHV58P,RT,RT:R211K,211,K,0
Ghafari17,IR.AHV5P,RT,RT:I5V,5,V,1
Ghafari17,IR.AHV5P,RT,RT:E6D,6,D,0
Ghafari17,IR.AHV5P,RT,RT:V8I,8,I,0
Ghafari17,IR.AHV5P,RT,RT:K11R,11,R,0
Ghafari17,IR.AHV5P,RT,RT:V35T,35,T,0
Ghafari17,IR.AHV5P,RT,RT:V60I,60,I,0
Ghafari17,IR.AHV5P,RT,RT:D121Y,121,Y,0
Ghafari17,IR.AHV5P,RT,RT:K122E,122,E,0
Ghafari17,IR.AHV5P,RT,RT:I135T,135,T,0
Ghafari17,IR.AHV5P,RT,RT:D177E,177,E,0
Ghafari17,IR.AHV5P,RT,RT:I178L,178,L,0
Ghafari17,IR.AHV5P,RT,RT:V179I,179,I,0
Ghafari17,IR.AHV5P,RT,RT:T200I,200,I,0
Ghafari17,IR.AHV5P,RT,RT:Q207A,207,A,0
Ghafari17,IR.AHV5P,RT,RT:R211K,211,K,0
Ghafari17,IR.AHV60P,RT,RT:E6D,6,D,0
Ghafari17,IR.AHV60P,RT,RT:V35T,35,T,0
Ghafari17,IR.AHV60P,RT,RT:V60I,60,I,0
Ghafari17,IR.AHV60P,RT,RT:K101R,101,R,0
Ghafari17,IR.AHV60P,RT,RT:D121H,121,H,0
Ghafari17,IR.AHV60P,RT,RT:K122E,122,E,0
Ghafari17,IR.AHV60P,RT,RT:I135T,135,T,0
Ghafari17,IR.AHV60P,RT,RT:I142V,142,V,0
Ghafari17,IR.AHV60P,RT,RT:S162H,162,H,0
Ghafari17,IR.AHV60P,RT,RT:K166R,166,R,0
Ghafari17,IR.AHV60P,RT,RT:D177G,177,G,0
Ghafari17,IR.AHV60P,RT,RT:T200I,200,I,0
Ghafari17,IR.AHV60P,RT,RT:Q207A,207,A,0
Ghafari17,IR.AHV60P,RT,RT:R211K,211,K,0
Ghafari17,IR.AHV61P,RT,RT:E6D,6,D,0
Ghafari17,IR.AHV61P,RT,RT:V35T,35,T,0
Ghafari17,IR.AHV61P,RT,RT:V60I,60,I,0
Ghafari17,IR.AHV61P,RT,RT:K122E,122,E,1
Ghafari17,IR.AHV61P,RT,RT:D123E,123,E,0
Ghafari17,IR.AHV61P,RT,RT:D177E,177,E,0
Ghafari17,IR.AHV61P,RT,RT:V179I,179,I,0
Ghafari17,IR.AHV61P,RT,RT:T200I,200,I,1
Ghafari17,IR.AHV61P,RT,RT:Q207A,207,A,0
Ghafari17,IR.AHV61P,RT,RT:R211K,211,K,0
Ghafari17,IR.AHV6P,RT,RT:E6D,6,D,0
Ghafari17,IR.AHV6P,RT,RT:V21I,21,I,1
Ghafari17,IR.AHV6P,RT,RT:V35T,35,T,0
Ghafari17,IR.AHV6P,RT,RT:K49R,49,R,0
Ghafari17,IR.AHV6P,RT,RT:V60I,60,I,0
Ghafari17,IR.AHV6P,RT,RT:K122E,122,E,0
Ghafari17,IR.AHV6P,RT,RT:I135R,135,R,0
Ghafari17,IR.AHV6P,RT,RT:S162C,162,C,0
Ghafari17,IR.AHV6P,RT,RT:D177E,177,E,0
Ghafari17,IR.AHV6P,RT,RT:V179I,179,I,0
Ghafari17,IR.AHV6P,RT,RT:T200I,200,I,0
Ghafari17,IR.AHV6P,RT,RT:Q207A,207,A,0
Ghafari17,IR.AHV6P,RT,RT:R211K,211,K,0
Ghafari17,IR.AHV7P,RT,RT:E6D,6,D,0
Ghafari17,IR.AHV7P,RT,RT:K11R,11,R,0
Ghafari17,IR.AHV7P,RT,RT:V21I,21,I,0
Ghafari17,IR.AHV7P,RT,RT:V35T,35,T,0
Ghafari17,IR.AHV7P,RT,RT:T39M,39,M,0
Ghafari17,IR.AHV7P,RT,RT:V60I,60,I,0
Ghafari17,IR.AHV7P,RT,RT:K101R,101,R,0
Ghafari17,IR.AHV7P,RT,RT:V106I,106,I,0
Ghafari17,IR.AHV7P,RT,RT:D121Y,121,Y,0
Ghafari17,IR.AHV7P,RT,RT:K122E,122,E,0
Ghafari17,IR.AHV7P,RT,RT:I135R,135,R,0
Ghafari17,IR.AHV7P,RT,RT:D177E,177,E,0
Ghafari17,IR.AHV7P,RT,RT:I178L,178,L,0
Ghafari17,IR.AHV7P,RT,RT:V179I,179,I,0
Ghafari17,IR.AHV7P,RT,RT:Q207A,207,A,0
Ghafari17,IR.AHV7P,RT,RT:R211K,211,K,0
Ghafari17,IR.AHV8P,RT,RT:V35T,35,T,0
Ghafari17,IR.AHV8P,RT,RT:V60I,60,I,0
Ghafari17,IR.AHV8P,RT,RT:D121H,121,H,0
Ghafari17,IR.AHV8P,RT,RT:K122E,122,E,0
Ghafari17,IR.AHV8P,RT,RT:I135T,135,T,0
Ghafari17,IR.AHV8P,RT,RT:D177E,177,E,0
Ghafari17,IR.AHV8P,RT,RT:V179I,179,I,0
Ghafari17,IR.AHV8P,RT,RT:T200I,200,I,0
Ghafari17,IR.AHV8P,RT,RT:Q207A,207,A,0
Ghafari17,IR.AHV8P,RT,RT:R211K,211,K,0
Ghafari17,IR.AHV8P,RT,RT:K238R,238,R,0
