ref_name,isolate_name,mutation,position,amino_acid,is_mixture
Pandrea02,IP_96CIRMF19,PR:L10V,10,V,0
Pandrea02,IP_96CIRMF19,PR:I13V,13,V,0
Pandrea02,IP_96CIRMF19,PR:K14R,14,R,0
Pandrea02,IP_96CIRMF19,PR:I15V,15,V,0
Pandrea02,IP_96CIRMF19,PR:M36L,36,L,0
Pandrea02,IP_96CIRMF19,PR:N37S,37,S,0
Pandrea02,IP_96CIRMF19,PR:R41K,41,K,0
Pandrea02,IP_96CIRMF19,PR:H69K,69,K,0
Pandrea02,IP_96CIRMF19,PR:L89M,89,M,0
Pandrea02,IP_96CIRMF41,PR:I13V,13,V,0
Pandrea02,IP_96CIRMF41,PR:M36L,36,L,0
Pandrea02,IP_96CIRMF41,PR:N37S,37,S,0
Pandrea02,IP_96CIRMF41,PR:H69K,69,K,0
Pandrea02,IP_96CIRMF41,PR:L89M,89,M,0
Pandrea02,IP_96CIRMF62,PR:E35D,35,D,0
Pandrea02,IP_96CIRMF62,PR:M36I,36,I,0
Pandrea02,IP_96CIRMF62,PR:R41K,41,K,0
Pandrea02,IP_96CIRMF62,PR:I62V,62,V,0
Pandrea02,IP_96CIRMF62,PR:C67E,67,E,0
Pandrea02,IP_96CIRMF62,PR:H69K,69,K,0
Pandrea02,IP_96CIRMF62,PR:V82I,82,I,0
Pandrea02,IP_96CIRMF62,PR:L89M,89,M,0
Pandrea02,IP_97CIRMF02,PR:I13V,13,V,0
Pandrea02,IP_97CIRMF02,PR:K14R,14,R,0
Pandrea02,IP_97CIRMF02,PR:G17D,17,D,0
Pandrea02,IP_97CIRMF02,PR:K20I,20,I,0
Pandrea02,IP_97CIRMF02,PR:E35D,35,D,0
Pandrea02,IP_97CIRMF02,PR:M36I,36,I,0
Pandrea02,IP_97CIRMF02,PR:N37T,37,T,0
Pandrea02,IP_97CIRMF02,PR:R41K,41,K,0
Pandrea02,IP_97CIRMF02,PR:D60N,60,N,0
Pandrea02,IP_97CIRMF02,PR:Q61D,61,D,0
Pandrea02,IP_97CIRMF02,PR:L63P,63,P,0
Pandrea02,IP_97CIRMF02,PR:C67E,67,E,0
Pandrea02,IP_97CIRMF02,PR:H69K,69,K,0
Pandrea02,IP_97CIRMF02,PR:V82I,82,I,0
Pandrea02,IP_97CIRMF02,PR:I85T,85,T,0
Pandrea02,IP_97CIRMF02,PR:L89M,89,M,0
Pandrea02,IP_97CIRMF02,PR:I93L,93,L,0
Pandrea02,IP_97CIRMF05,PR:I3L,3,L,0
Pandrea02,IP_97CIRMF05,PR:L10I,10,I,0
Pandrea02,IP_97CIRMF05,PR:R41K,41,K,0
Pandrea02,IP_97CIRMF05,PR:L63P,63,P,0
Pandrea02,IP_97CIRMF05,PR:I64L,64,L,0
Pandrea02,IP_97CIRMF05,PR:C67S,67,S,0
Pandrea02,IP_97CIRMF05,PR:H69Q,69,Q,0
Pandrea02,IP_97CIRMF05,PR:I72V,72,V,0
Pandrea02,IP_97CIRMF05,PR:V77I,77,I,0
Pandrea02,IP_97CIRMF08,PR:L10I,10,I,0
Pandrea02,IP_97CIRMF08,PR:I13V,13,V,0
Pandrea02,IP_97CIRMF08,PR:L33I,33,I,0
Pandrea02,IP_97CIRMF08,PR:M36I,36,I,0
Pandrea02,IP_97CIRMF08,PR:R41K,41,K,0
Pandrea02,IP_97CIRMF08,PR:Q61N,61,N,0
Pandrea02,IP_97CIRMF08,PR:L63S,63,S,0
Pandrea02,IP_97CIRMF08,PR:I64V,64,V,0
Pandrea02,IP_97CIRMF08,PR:C67Y,67,Y,0
Pandrea02,IP_97CIRMF09,PR:I13V,13,V,0
Pandrea02,IP_97CIRMF09,PR:K14R,14,R,0
Pandrea02,IP_97CIRMF09,PR:K20I,20,I,0
Pandrea02,IP_97CIRMF09,PR:E35D,35,D,0
Pandrea02,IP_97CIRMF09,PR:M36I,36,I,0
Pandrea02,IP_97CIRMF09,PR:R41K,41,K,0
Pandrea02,IP_97CIRMF09,PR:L63Q,63,Q,0
Pandrea02,IP_97CIRMF09,PR:H69K,69,K,0
Pandrea02,IP_97CIRMF09,PR:V82I,82,I,0
Pandrea02,IP_97CIRMF09,PR:L89M,89,M,0
Pandrea02,IP_97CIRMF14,PR:L10I,10,I,0
Pandrea02,IP_97CIRMF14,PR:I13V,13,V,0
Pandrea02,IP_97CIRMF14,PR:M36I,36,I,0
Pandrea02,IP_97CIRMF14,PR:R41K,41,K,0
Pandrea02,IP_97CIRMF14,PR:Q61N,61,N,0
Pandrea02,IP_97CIRMF14,PR:L63S,63,S,0
Pandrea02,IP_97CIRMF14,PR:I64V,64,V,0
Pandrea02,IP_97CIRMF14,PR:C67Y,67,Y,0
Pandrea02,IP_97CIRMF14,PR:I72E,72,E,0
Pandrea02,IP_97CIRMF15,PR:L10V,10,V,0
Pandrea02,IP_97CIRMF15,PR:I13V,13,V,0
Pandrea02,IP_97CIRMF15,PR:K14R,14,R,0
Pandrea02,IP_97CIRMF15,PR:I15V,15,V,0
Pandrea02,IP_97CIRMF15,PR:M36L,36,L,0
Pandrea02,IP_97CIRMF15,PR:N37S,37,S,0
Pandrea02,IP_97CIRMF15,PR:R41K,41,K,0
Pandrea02,IP_97CIRMF15,PR:H69K,69,K,0
Pandrea02,IP_97CIRMF15,PR:L89M,89,M,0
Pandrea02,IP_97CIRMF18,PR:I13V,13,V,0
Pandrea02,IP_97CIRMF18,PR:K14R,14,R,0
Pandrea02,IP_97CIRMF18,PR:K20I,20,I,0
Pandrea02,IP_97CIRMF18,PR:M36I,36,I,0
Pandrea02,IP_97CIRMF18,PR:R41K,41,K,0
Pandrea02,IP_97CIRMF18,PR:H69K,69,K,0
Pandrea02,IP_97CIRMF18,PR:L89M,89,M,0
Pandrea02,IP_97CIRMF21,PR:I13V,13,V,0
Pandrea02,IP_97CIRMF21,PR:K14R,14,R,0
Pandrea02,IP_97CIRMF21,PR:G16A,16,A,0
Pandrea02,IP_97CIRMF21,PR:E35D,35,D,0
Pandrea02,IP_97CIRMF21,PR:M36I,36,I,0
Pandrea02,IP_97CIRMF21,PR:R41K,41,K,0
Pandrea02,IP_97CIRMF21,PR:H69K,69,K,0
Pandrea02,IP_97CIRMF21,PR:L89M,89,M,0
Pandrea02,IP_97CIRMF22,PR:T12S,12,S,0
Pandrea02,IP_97CIRMF22,PR:K14R,14,R,0
Pandrea02,IP_97CIRMF22,PR:L19V,19,V,0
Pandrea02,IP_97CIRMF22,PR:M36I,36,I,0
Pandrea02,IP_97CIRMF22,PR:R41K,41,K,0
Pandrea02,IP_97CIRMF22,PR:L63A,63,A,0
Pandrea02,IP_97CIRMF22,PR:H69K,69,K,0
Pandrea02,IP_97CIRMF22,PR:L89M,89,M,0
Pandrea02,IP_97CIRMF22,PR:G94S,94,S,0
Pandrea02,IP_97CIRMF24,PR:I13V,13,V,0
Pandrea02,IP_97CIRMF24,PR:E35D,35,D,0
Pandrea02,IP_97CIRMF24,PR:M36I,36,I,0
Pandrea02,IP_97CIRMF24,PR:R41K,41,K,0
Pandrea02,IP_97CIRMF24,PR:L63P,63,P,0
Pandrea02,IP_97CIRMF24,PR:H69K,69,K,0
Pandrea02,IP_97CIRMF26,PR:I15V,15,V,0
Pandrea02,IP_97CIRMF26,PR:E35D,35,D,0
Pandrea02,IP_97CIRMF26,PR:M36I,36,I,0
Pandrea02,IP_97CIRMF26,PR:N37K,37,K,0
Pandrea02,IP_97CIRMF26,PR:R41K,41,K,0
Pandrea02,IP_97CIRMF26,PR:K43T,43,T,0
Pandrea02,IP_97CIRMF26,PR:R57K,57,K,0
Pandrea02,IP_97CIRMF26,PR:I62V,62,V,0
Pandrea02,IP_97CIRMF26,PR:H69Q,69,Q,0
Pandrea02,IP_97CIRMF27,PR:L33I,33,I,0
Pandrea02,IP_97CIRMF27,PR:E35D,35,D,0
Pandrea02,IP_97CIRMF27,PR:M36I,36,I,0
Pandrea02,IP_97CIRMF27,PR:R41K,41,K,0
Pandrea02,IP_97CIRMF32,PR:T12A,12,A,0
Pandrea02,IP_97CIRMF32,PR:I13V,13,V,0
Pandrea02,IP_97CIRMF32,PR:K14R,14,R,0
Pandrea02,IP_97CIRMF32,PR:I15V,15,V,0
Pandrea02,IP_97CIRMF32,PR:Q18K,18,K,0
Pandrea02,IP_97CIRMF32,PR:K20I,20,I,0
Pandrea02,IP_97CIRMF32,PR:M36I,36,I,0
Pandrea02,IP_97CIRMF32,PR:N37D,37,D,0
Pandrea02,IP_97CIRMF32,PR:R41K,41,K,0
Pandrea02,IP_97CIRMF32,PR:L63P,63,P,0
Pandrea02,IP_97CIRMF32,PR:C67E,67,E,0
Pandrea02,IP_97CIRMF32,PR:H69K,69,K,0
Pandrea02,IP_97CIRMF32,PR:V82I,82,I,0
Pandrea02,IP_97CIRMF32,PR:L89I,89,I,0
Pandrea02,IP_97CIRMF35,PR:I13V,13,V,0
Pandrea02,IP_97CIRMF35,PR:K14R,14,R,0
Pandrea02,IP_97CIRMF35,PR:K20I,20,I,0
Pandrea02,IP_97CIRMF35,PR:M36I,36,I,0
Pandrea02,IP_97CIRMF35,PR:R41K,41,K,0
Pandrea02,IP_97CIRMF35,PR:C67E,67,E,0
Pandrea02,IP_97CIRMF35,PR:H69K,69,K,0
Pandrea02,IP_97CIRMF35,PR:V82I,82,I,0
Pandrea02,IP_97CIRMF35,PR:L89M,89,M,0
Pandrea02,IP_97CIRMF36,PR:I13V,13,V,0
Pandrea02,IP_97CIRMF36,PR:K20I,20,I,0
Pandrea02,IP_97CIRMF36,PR:M36I,36,I,0
Pandrea02,IP_97CIRMF36,PR:R41K,41,K,0
Pandrea02,IP_97CIRMF36,PR:C67S,67,S,0
Pandrea02,IP_97CIRMF36,PR:H69K,69,K,0
Pandrea02,IP_97CIRMF36,PR:V82I,82,I,0
Pandrea02,IP_97CIRMF36,PR:L89M,89,M,0
Pandrea02,IP_97CIRMF38,PR:I13V,13,V,0
Pandrea02,IP_97CIRMF38,PR:K14R,14,R,0
Pandrea02,IP_97CIRMF38,PR:L19P,19,P,0
Pandrea02,IP_97CIRMF38,PR:K20I,20,I,0
Pandrea02,IP_97CIRMF38,PR:M36I,36,I,0
Pandrea02,IP_97CIRMF38,PR:N37D,37,D,0
Pandrea02,IP_97CIRMF38,PR:R41K,41,K,0
Pandrea02,IP_97CIRMF38,PR:I64L,64,L,0
Pandrea02,IP_97CIRMF38,PR:H69K,69,K,0
Pandrea02,IP_97CIRMF38,PR:L89M,89,M,0
Pandrea02,IP_97CIRMF42,PR:L10V,10,V,0
Pandrea02,IP_97CIRMF42,PR:I13V,13,V,0
Pandrea02,IP_97CIRMF42,PR:I15V,15,V,0
Pandrea02,IP_97CIRMF42,PR:G16E,16,E,0
Pandrea02,IP_97CIRMF42,PR:M36L,36,L,0
Pandrea02,IP_97CIRMF42,PR:N37S,37,S,0
Pandrea02,IP_97CIRMF42,PR:L63T,63,T,0
Pandrea02,IP_97CIRMF42,PR:H69K,69,K,0
Pandrea02,IP_97CIRMF42,PR:L89M,89,M,0
Pandrea02,IP_97CIRMF43,PR:I13V,13,V,0
Pandrea02,IP_97CIRMF43,PR:K14R,14,R,0
Pandrea02,IP_97CIRMF43,PR:K20I,20,I,0
Pandrea02,IP_97CIRMF43,PR:M36I,36,I,0
Pandrea02,IP_97CIRMF43,PR:R41K,41,K,0
Pandrea02,IP_97CIRMF43,PR:L63P,63,P,0
Pandrea02,IP_97CIRMF43,PR:H69K,69,K,0
Pandrea02,IP_97CIRMF43,PR:K70R,70,R,0
Pandrea02,IP_97CIRMF43,PR:L89M,89,M,0
Pandrea02,IP_97CIRMF44,PR:L10V,10,V,0
Pandrea02,IP_97CIRMF44,PR:I13V,13,V,0
Pandrea02,IP_97CIRMF44,PR:I15V,15,V,0
Pandrea02,IP_97CIRMF44,PR:M36L,36,L,0
Pandrea02,IP_97CIRMF44,PR:N37S,37,S,0
Pandrea02,IP_97CIRMF44,PR:R41K,41,K,0
Pandrea02,IP_97CIRMF44,PR:I64L,64,L,0
Pandrea02,IP_97CIRMF44,PR:H69K,69,K,0
Pandrea02,IP_97CIRMF44,PR:L89M,89,M,0
Pandrea02,IP_97CIRMF50,PR:I13V,13,V,0
Pandrea02,IP_97CIRMF50,PR:K20I,20,I,0
Pandrea02,IP_97CIRMF50,PR:M36I,36,I,0
Pandrea02,IP_97CIRMF50,PR:R41K,41,K,0
Pandrea02,IP_97CIRMF50,PR:H69K,69,K,0
Pandrea02,IP_97CIRMF50,PR:L89M,89,M,0
Pandrea02,IP_97CIRMF51,PR:L10I,10,I,0
Pandrea02,IP_97CIRMF51,PR:I13V,13,V,0
Pandrea02,IP_97CIRMF51,PR:K20I,20,I,0
Pandrea02,IP_97CIRMF51,PR:M36I,36,I,0
Pandrea02,IP_97CIRMF51,PR:R41K,41,K,0
Pandrea02,IP_97CIRMF51,PR:C67N,67,N,0
Pandrea02,IP_97CIRMF51,PR:H69K,69,K,0
Pandrea02,IP_97CIRMF51,PR:V82I,82,I,0
Pandrea02,IP_97CIRMF51,PR:L89M,89,M,0
Pandrea02,IP_97CIRMF58,PR:I13V,13,V,0
Pandrea02,IP_97CIRMF58,PR:K20R,20,R,0
Pandrea02,IP_97CIRMF58,PR:E35D,35,D,0
Pandrea02,IP_97CIRMF58,PR:M36I,36,I,0
Pandrea02,IP_97CIRMF58,PR:N37D,37,D,0
Pandrea02,IP_97CIRMF58,PR:R41K,41,K,0
Pandrea02,IP_97CIRMF58,PR:L63T,63,T,0
Pandrea02,IP_97CIRMF58,PR:I64M,64,M,0
Pandrea02,IP_97CIRMF58,PR:H69K,69,K,0
Pandrea02,IP_97CIRMF58,PR:I72T,72,T,0
Pandrea02,IP_97CIRMF58,PR:L89M,89,M,0
Pandrea02,IP_97CIRMF61,PR:L10I,10,I,0
Pandrea02,IP_97CIRMF61,PR:I13V,13,V,0
Pandrea02,IP_97CIRMF61,PR:G17E,17,E,0
Pandrea02,IP_97CIRMF61,PR:K20I,20,I,0
Pandrea02,IP_97CIRMF61,PR:M36I,36,I,0
Pandrea02,IP_97CIRMF61,PR:R41K,41,K,0
Pandrea02,IP_97CIRMF61,PR:C67N,67,N,0
Pandrea02,IP_97CIRMF61,PR:H69K,69,K,0
Pandrea02,IP_97CIRMF61,PR:V82I,82,I,0
Pandrea02,IP_97CIRMF61,PR:L89M,89,M,0
Pandrea02,IP_97CIRMF61,PR:T96A,96,A,0
Pandrea02,IP_97CIRMF65,PR:I13V,13,V,0
Pandrea02,IP_97CIRMF65,PR:K14R,14,R,0
Pandrea02,IP_97CIRMF65,PR:K20I,20,I,0
Pandrea02,IP_97CIRMF65,PR:M36I,36,I,0
Pandrea02,IP_97CIRMF65,PR:N37S,37,S,0
Pandrea02,IP_97CIRMF65,PR:P39S,39,S,0
Pandrea02,IP_97CIRMF65,PR:R41K,41,K,0
Pandrea02,IP_97CIRMF65,PR:L63P,63,P,0
Pandrea02,IP_97CIRMF65,PR:H69K,69,K,0
Pandrea02,IP_97CIRMF65,PR:L89M,89,M,0
Pandrea02,IP_97CIRMF70,PR:I13V,13,V,0
Pandrea02,IP_97CIRMF70,PR:K14R,14,R,0
Pandrea02,IP_97CIRMF70,PR:K20I,20,I,0
Pandrea02,IP_97CIRMF70,PR:E35D,35,D,0
Pandrea02,IP_97CIRMF70,PR:M36I,36,I,0
Pandrea02,IP_97CIRMF70,PR:R41K,41,K,0
Pandrea02,IP_97CIRMF70,PR:H69K,69,K,0
Pandrea02,IP_97CIRMF70,PR:L89M,89,M,0
Pandrea02,IP_99CIRMF01,PR:L10V,10,V,0
Pandrea02,IP_99CIRMF01,PR:I13V,13,V,0
Pandrea02,IP_99CIRMF01,PR:I15V,15,V,0
Pandrea02,IP_99CIRMF01,PR:M36L,36,L,0
Pandrea02,IP_99CIRMF01,PR:L63P,63,P,0
Pandrea02,IP_99CIRMF01,PR:H69K,69,K,0
Pandrea02,IP_99CIRMF01,PR:L89M,89,M,0
Pandrea02,IP_96CIRMF19,RT:K13N,13,N,0
Pandrea02,IP_96CIRMF19,RT:T27P,27,P,0
Pandrea02,IP_96CIRMF19,RT:V35T,35,T,0
Pandrea02,IP_96CIRMF19,RT:V60I,60,I,0
Pandrea02,IP_96CIRMF19,RT:K122E,122,E,0
Pandrea02,IP_96CIRMF19,RT:D123S,123,S,0
Pandrea02,IP_96CIRMF19,RT:I135T,135,T,0
Pandrea02,IP_96CIRMF19,RT:I142V,142,V,0
Pandrea02,IP_96CIRMF19,RT:K173V,173,V,0
Pandrea02,IP_96CIRMF19,RT:Q174K,174,K,0
Pandrea02,IP_96CIRMF19,RT:D177E,177,E,0
Pandrea02,IP_96CIRMF19,RT:T200A,200,A,0
Pandrea02,IP_96CIRMF19,RT:Q207E,207,E,0
Pandrea02,IP_96CIRMF41,RT:V35P,35,P,0
Pandrea02,IP_96CIRMF41,RT:V60I,60,I,0
Pandrea02,IP_96CIRMF41,RT:V106I,106,I,0
Pandrea02,IP_96CIRMF41,RT:D121Y,121,Y,0
Pandrea02,IP_96CIRMF41,RT:K122E,122,E,0
Pandrea02,IP_96CIRMF41,RT:I135V,135,V,0
Pandrea02,IP_96CIRMF41,RT:I142V,142,V,0
Pandrea02,IP_96CIRMF41,RT:D177E,177,E,0
Pandrea02,IP_96CIRMF41,RT:I178L,178,L,0
Pandrea02,IP_96CIRMF41,RT:Q207D,207,D,0
Pandrea02,IP_96CIRMF41,RT:R211K,211,K,0
Pandrea02,IP_96CIRMF62,RT:K11T,11,T,0
Pandrea02,IP_96CIRMF62,RT:V35T,35,T,0
Pandrea02,IP_96CIRMF62,RT:T39K,39,K,0
Pandrea02,IP_96CIRMF62,RT:K122E,122,E,0
Pandrea02,IP_96CIRMF62,RT:D123N,123,N,0
Pandrea02,IP_96CIRMF62,RT:I142V,142,V,0
Pandrea02,IP_96CIRMF62,RT:T165I,165,I,0
Pandrea02,IP_96CIRMF62,RT:K173S,173,S,0
Pandrea02,IP_96CIRMF62,RT:D177E,177,E,0
Pandrea02,IP_96CIRMF62,RT:I178L,178,L,0
Pandrea02,IP_96CIRMF62,RT:G196K,196,K,0
Pandrea02,IP_96CIRMF62,RT:I202V,202,V,0
Pandrea02,IP_96CIRMF62,RT:Q207A,207,A,0
Pandrea02,IP_96CIRMF62,RT:R211K,211,K,0
Pandrea02,IP_97CIRMF02,RT:K20R,20,R,0
Pandrea02,IP_97CIRMF02,RT:A33T,33,T,0
Pandrea02,IP_97CIRMF02,RT:V35T,35,T,0
Pandrea02,IP_97CIRMF02,RT:T39L,39,L,0
Pandrea02,IP_97CIRMF02,RT:V60I,60,I,0
Pandrea02,IP_97CIRMF02,RT:V90G,90,G,0
Pandrea02,IP_97CIRMF02,RT:D121H,121,H,0
Pandrea02,IP_97CIRMF02,RT:K122E,122,E,0
Pandrea02,IP_97CIRMF02,RT:I135T,135,T,0
Pandrea02,IP_97CIRMF02,RT:S162C,162,C,0
Pandrea02,IP_97CIRMF02,RT:K173R,173,R,0
Pandrea02,IP_97CIRMF02,RT:Q174K,174,K,0
Pandrea02,IP_97CIRMF02,RT:D177E,177,E,0
Pandrea02,IP_97CIRMF02,RT:G196E,196,E,0
Pandrea02,IP_97CIRMF02,RT:T200V,200,V,0
Pandrea02,IP_97CIRMF02,RT:Q207E,207,E,0
Pandrea02,IP_97CIRMF02,RT:R211K,211,K,0
Pandrea02,IP_97CIRMF05,RT:V35T,35,T,0
Pandrea02,IP_97CIRMF05,RT:E36D,36,D,0
Pandrea02,IP_97CIRMF05,RT:K43R,43,R,0
Pandrea02,IP_97CIRMF05,RT:K49R,49,R,0
Pandrea02,IP_97CIRMF05,RT:V60I,60,I,0
Pandrea02,IP_97CIRMF05,RT:V90I,90,I,0
Pandrea02,IP_97CIRMF05,RT:D121Y,121,Y,0
Pandrea02,IP_97CIRMF05,RT:K122E,122,E,0
Pandrea02,IP_97CIRMF05,RT:D123E,123,E,0
Pandrea02,IP_97CIRMF05,RT:I142V,142,V,0
Pandrea02,IP_97CIRMF05,RT:D177E,177,E,0
Pandrea02,IP_97CIRMF05,RT:I178M,178,M,0
Pandrea02,IP_97CIRMF05,RT:E194Q,194,Q,0
Pandrea02,IP_97CIRMF05,RT:G196E,196,E,0
Pandrea02,IP_97CIRMF05,RT:T200A,200,A,0
Pandrea02,IP_97CIRMF05,RT:R211K,211,K,0
Pandrea02,IP_97CIRMF05,RT:P236S,236,S,0
Pandrea02,IP_97CIRMF05,RT:T240A,240,A,0
Pandrea02,IP_97CIRMF05,RT:Q242P,242,P,0
Pandrea02,IP_97CIRMF05,RT:P247A,247,A,0
Pandrea02,IP_97CIRMF05,RT:E248R,248,R,0
Pandrea02,IP_97CIRMF08,RT:E6D,6,D,0
Pandrea02,IP_97CIRMF08,RT:V35T,35,T,0
Pandrea02,IP_97CIRMF08,RT:T39L,39,L,0
Pandrea02,IP_97CIRMF08,RT:V60I,60,I,0
Pandrea02,IP_97CIRMF08,RT:T107S,107,S,0
Pandrea02,IP_97CIRMF08,RT:V118I,118,I,0
Pandrea02,IP_97CIRMF08,RT:D121Y,121,Y,0
Pandrea02,IP_97CIRMF08,RT:D177E,177,E,0
Pandrea02,IP_97CIRMF08,RT:I178L,178,L,0
Pandrea02,IP_97CIRMF08,RT:T200A,200,A,0
Pandrea02,IP_97CIRMF08,RT:E204K,204,K,0
Pandrea02,IP_97CIRMF08,RT:F214L,214,L,0
Pandrea02,IP_97CIRMF09,RT:K20R,20,R,0
Pandrea02,IP_97CIRMF09,RT:V35T,35,T,0
Pandrea02,IP_97CIRMF09,RT:T39E,39,E,0
Pandrea02,IP_97CIRMF09,RT:V60I,60,I,0
Pandrea02,IP_97CIRMF09,RT:D177E,177,E,0
Pandrea02,IP_97CIRMF09,RT:V179E,179,E,0
Pandrea02,IP_97CIRMF09,RT:T200A,200,A,0
Pandrea02,IP_97CIRMF09,RT:Q207D,207,D,0
Pandrea02,IP_97CIRMF14,RT:E6D,6,D,0
Pandrea02,IP_97CIRMF14,RT:V35T,35,T,0
Pandrea02,IP_97CIRMF14,RT:T39L,39,L,0
Pandrea02,IP_97CIRMF14,RT:V60I,60,I,0
Pandrea02,IP_97CIRMF14,RT:V118I,118,I,0
Pandrea02,IP_97CIRMF14,RT:D177E,177,E,0
Pandrea02,IP_97CIRMF14,RT:I178L,178,L,0
Pandrea02,IP_97CIRMF14,RT:T200A,200,A,0
Pandrea02,IP_97CIRMF14,RT:E204K,204,K,0
Pandrea02,IP_97CIRMF14,RT:F214L,214,L,0
Pandrea02,IP_97CIRMF14,RT:E224D,224,D,0
Pandrea02,IP_97CIRMF15,RT:V35P,35,P,0
Pandrea02,IP_97CIRMF15,RT:I37F,37,F,0
Pandrea02,IP_97CIRMF15,RT:T39A,39,A,0
Pandrea02,IP_97CIRMF15,RT:V60I,60,I,0
Pandrea02,IP_97CIRMF15,RT:D121Y,121,Y,0
Pandrea02,IP_97CIRMF15,RT:K122E,122,E,0
Pandrea02,IP_97CIRMF15,RT:I135V,135,V,0
Pandrea02,IP_97CIRMF15,RT:I142V,142,V,0
Pandrea02,IP_97CIRMF15,RT:D177E,177,E,0
Pandrea02,IP_97CIRMF15,RT:I178L,178,L,0
Pandrea02,IP_97CIRMF15,RT:E194D,194,D,0
Pandrea02,IP_97CIRMF15,RT:Q207D,207,D,0
Pandrea02,IP_97CIRMF15,RT:R211K,211,K,0
Pandrea02,IP_97CIRMF15,RT:E233G,233,G,0
Pandrea02,IP_97CIRMF18,RT:T27P,27,P,0
Pandrea02,IP_97CIRMF18,RT:V35T,35,T,0
Pandrea02,IP_97CIRMF18,RT:T39I,39,I,0
Pandrea02,IP_97CIRMF18,RT:K49R,49,R,0
Pandrea02,IP_97CIRMF18,RT:V60I,60,I,0
Pandrea02,IP_97CIRMF18,RT:K122P,122,P,0
Pandrea02,IP_97CIRMF18,RT:I135V,135,V,0
Pandrea02,IP_97CIRMF18,RT:T139S,139,S,0
Pandrea02,IP_97CIRMF18,RT:S162C,162,C,0
Pandrea02,IP_97CIRMF18,RT:K173N,173,N,0
Pandrea02,IP_97CIRMF18,RT:Q174K,174,K,0
Pandrea02,IP_97CIRMF18,RT:D177E,177,E,0
Pandrea02,IP_97CIRMF18,RT:I178M,178,M,0
Pandrea02,IP_97CIRMF18,RT:G196E,196,E,0
Pandrea02,IP_97CIRMF18,RT:T200A,200,A,0
Pandrea02,IP_97CIRMF18,RT:Q207E,207,E,0
Pandrea02,IP_97CIRMF18,RT:R211K,211,K,0
Pandrea02,IP_97CIRMF21,RT:K11T,11,T,0
Pandrea02,IP_97CIRMF21,RT:V35T,35,T,0
Pandrea02,IP_97CIRMF21,RT:T39K,39,K,0
Pandrea02,IP_97CIRMF21,RT:V60I,60,I,0
Pandrea02,IP_97CIRMF21,RT:K64R,64,R,0
Pandrea02,IP_97CIRMF21,RT:D121Y,121,Y,0
Pandrea02,IP_97CIRMF21,RT:K122E,122,E,0
Pandrea02,IP_97CIRMF21,RT:D123G,123,G,0
Pandrea02,IP_97CIRMF21,RT:K173S,173,S,0
Pandrea02,IP_97CIRMF21,RT:Q174R,174,R,0
Pandrea02,IP_97CIRMF21,RT:D177E,177,E,0
Pandrea02,IP_97CIRMF21,RT:Q207A,207,A,0
Pandrea02,IP_97CIRMF21,RT:R211S,211,S,0
Pandrea02,IP_97CIRMF22,RT:V35T,35,T,0
Pandrea02,IP_97CIRMF22,RT:E36A,36,A,0
Pandrea02,IP_97CIRMF22,RT:T39E,39,E,0
Pandrea02,IP_97CIRMF22,RT:S48T,48,T,0
Pandrea02,IP_97CIRMF22,RT:K101R,101,R,0
Pandrea02,IP_97CIRMF22,RT:D123E,123,E,0
Pandrea02,IP_97CIRMF22,RT:I135V,135,V,0
Pandrea02,IP_97CIRMF22,RT:K173T,173,T,0
Pandrea02,IP_97CIRMF22,RT:D177E,177,E,0
Pandrea02,IP_97CIRMF22,RT:T200A,200,A,0
Pandrea02,IP_97CIRMF22,RT:Q207E,207,E,0
Pandrea02,IP_97CIRMF22,RT:R211K,211,K,0
Pandrea02,IP_97CIRMF22,RT:V245Q,245,Q,0
Pandrea02,IP_97CIRMF24,RT:E6K,6,K,0
Pandrea02,IP_97CIRMF24,RT:K11T,11,T,0
Pandrea02,IP_97CIRMF24,RT:L12V,12,V,0
Pandrea02,IP_97CIRMF24,RT:M16L,16,L,0
Pandrea02,IP_97CIRMF24,RT:L26Y,26,Y,0
Pandrea02,IP_97CIRMF24,RT:T27P,27,P,0
Pandrea02,IP_97CIRMF24,RT:V35P,35,P,0
Pandrea02,IP_97CIRMF24,RT:I37F,37,F,0
Pandrea02,IP_97CIRMF24,RT:C38G,38,G,0
Pandrea02,IP_97CIRMF24,RT:K122E,122,E,0
Pandrea02,IP_97CIRMF24,RT:D123S,123,S,0
Pandrea02,IP_97CIRMF24,RT:D177E,177,E,0
Pandrea02,IP_97CIRMF24,RT:I178M,178,M,0
Pandrea02,IP_97CIRMF24,RT:T200A,200,A,0
Pandrea02,IP_97CIRMF24,RT:Q207A,207,A,0
Pandrea02,IP_97CIRMF24,RT:R211S,211,S,0
Pandrea02,IP_97CIRMF25,RT:V35P,35,P,0
Pandrea02,IP_97CIRMF25,RT:I37F,37,F,0
Pandrea02,IP_97CIRMF25,RT:E40Q,40,Q,0
Pandrea02,IP_97CIRMF25,RT:K46Q,46,Q,0
Pandrea02,IP_97CIRMF25,RT:E53D,53,D,0
Pandrea02,IP_97CIRMF25,RT:V60I,60,I,0
Pandrea02,IP_97CIRMF25,RT:T107S,107,S,0
Pandrea02,IP_97CIRMF25,RT:D121Y,121,Y,0
Pandrea02,IP_97CIRMF25,RT:K122E,122,E,0
Pandrea02,IP_97CIRMF25,RT:I142T,142,T,0
Pandrea02,IP_97CIRMF25,RT:D177E,177,E,0
Pandrea02,IP_97CIRMF25,RT:I178M,178,M,0
Pandrea02,IP_97CIRMF25,RT:T200A,200,A,0
Pandrea02,IP_97CIRMF25,RT:Q207A,207,A,0
Pandrea02,IP_97CIRMF25,RT:R211K,211,K,0
Pandrea02,IP_97CIRMF26,RT:V35T,35,T,0
Pandrea02,IP_97CIRMF26,RT:T39I,39,I,0
Pandrea02,IP_97CIRMF26,RT:V60I,60,I,0
Pandrea02,IP_97CIRMF26,RT:T107S,107,S,0
Pandrea02,IP_97CIRMF26,RT:V118I,118,I,0
Pandrea02,IP_97CIRMF26,RT:D121C,121,C,0
Pandrea02,IP_97CIRMF26,RT:K122E,122,E,0
Pandrea02,IP_97CIRMF26,RT:I135V,135,V,0
Pandrea02,IP_97CIRMF26,RT:T165I,165,I,0
Pandrea02,IP_97CIRMF26,RT:D177E,177,E,0
Pandrea02,IP_97CIRMF26,RT:I178V,178,V,0
Pandrea02,IP_97CIRMF26,RT:T200A,200,A,0
Pandrea02,IP_97CIRMF26,RT:E204K,204,K,0
Pandrea02,IP_97CIRMF26,RT:F214L,214,L,0
Pandrea02,IP_97CIRMF27,RT:V35T,35,T,0
Pandrea02,IP_97CIRMF27,RT:E40D,40,D,0
Pandrea02,IP_97CIRMF27,RT:K49R,49,R,0
Pandrea02,IP_97CIRMF27,RT:V60I,60,I,0
Pandrea02,IP_97CIRMF27,RT:V106I,106,I,0
Pandrea02,IP_97CIRMF27,RT:V118I,118,I,0
Pandrea02,IP_97CIRMF27,RT:T165V,165,V,0
Pandrea02,IP_97CIRMF27,RT:D177E,177,E,0
Pandrea02,IP_97CIRMF27,RT:I178L,178,L,0
Pandrea02,IP_97CIRMF27,RT:V189I,189,I,0
Pandrea02,IP_97CIRMF27,RT:E204K,204,K,0
Pandrea02,IP_97CIRMF27,RT:Q207E,207,E,0
Pandrea02,IP_97CIRMF27,RT:F214L,214,L,0
Pandrea02,IP_97CIRMF32,RT:I5V,5,V,0
Pandrea02,IP_97CIRMF32,RT:E6D,6,D,0
Pandrea02,IP_97CIRMF32,RT:V35T,35,T,0
Pandrea02,IP_97CIRMF32,RT:K49R,49,R,0
Pandrea02,IP_97CIRMF32,RT:V60I,60,I,0
Pandrea02,IP_97CIRMF32,RT:I135V,135,V,0
Pandrea02,IP_97CIRMF32,RT:S162A,162,A,0
Pandrea02,IP_97CIRMF32,RT:K173T,173,T,0
Pandrea02,IP_97CIRMF32,RT:Q174R,174,R,0
Pandrea02,IP_97CIRMF32,RT:D177E,177,E,0
Pandrea02,IP_97CIRMF32,RT:T200A,200,A,0
Pandrea02,IP_97CIRMF32,RT:Q207E,207,E,0
Pandrea02,IP_97CIRMF35,RT:V35T,35,T,0
Pandrea02,IP_97CIRMF35,RT:E36D,36,D,0
Pandrea02,IP_97CIRMF35,RT:V60I,60,I,0
Pandrea02,IP_97CIRMF35,RT:L80F,80,F,0
Pandrea02,IP_97CIRMF35,RT:I135V,135,V,0
Pandrea02,IP_97CIRMF35,RT:S162A,162,A,0
Pandrea02,IP_97CIRMF35,RT:K173T,173,T,0
Pandrea02,IP_97CIRMF35,RT:Q174R,174,R,0
Pandrea02,IP_97CIRMF35,RT:D177E,177,E,0
Pandrea02,IP_97CIRMF35,RT:T200A,200,A,0
Pandrea02,IP_97CIRMF35,RT:Q207D,207,D,0
Pandrea02,IP_97CIRMF35,RT:E233G,233,G,0
Pandrea02,IP_97CIRMF36,RT:W24L,24,L,0
Pandrea02,IP_97CIRMF36,RT:V35T,35,T,0
Pandrea02,IP_97CIRMF36,RT:T39K,39,K,0
Pandrea02,IP_97CIRMF36,RT:E40D,40,D,0
Pandrea02,IP_97CIRMF36,RT:V60I,60,I,0
Pandrea02,IP_97CIRMF36,RT:K122E,122,E,0
Pandrea02,IP_97CIRMF36,RT:D123S,123,S,0
Pandrea02,IP_97CIRMF36,RT:K173T,173,T,0
Pandrea02,IP_97CIRMF36,RT:Q174K,174,K,0
Pandrea02,IP_97CIRMF36,RT:D177E,177,E,0
Pandrea02,IP_97CIRMF36,RT:I195L,195,L,0
Pandrea02,IP_97CIRMF36,RT:T200A,200,A,0
Pandrea02,IP_97CIRMF36,RT:Q207E,207,E,0
Pandrea02,IP_97CIRMF36,RT:R211K,211,K,0
Pandrea02,IP_97CIRMF38,RT:W24C,24,C,0
Pandrea02,IP_97CIRMF38,RT:E28G,28,G,0
Pandrea02,IP_97CIRMF38,RT:V35P,35,P,0
Pandrea02,IP_97CIRMF38,RT:T39A,39,A,0
Pandrea02,IP_97CIRMF38,RT:V118A,118,A,0
Pandrea02,IP_97CIRMF38,RT:K122E,122,E,0
Pandrea02,IP_97CIRMF38,RT:I135V,135,V,0
Pandrea02,IP_97CIRMF38,RT:I142V,142,V,0
Pandrea02,IP_97CIRMF38,RT:S162A,162,A,0
Pandrea02,IP_97CIRMF38,RT:K173A,173,A,0
Pandrea02,IP_97CIRMF38,RT:Q174K,174,K,0
Pandrea02,IP_97CIRMF38,RT:D177E,177,E,0
Pandrea02,IP_97CIRMF38,RT:I178M,178,M,0
Pandrea02,IP_97CIRMF38,RT:T200A,200,A,0
Pandrea02,IP_97CIRMF38,RT:Q207E,207,E,0
Pandrea02,IP_97CIRMF38,RT:R211K,211,K,0
Pandrea02,IP_97CIRMF38,RT:K219Q,219,Q,0
Pandrea02,IP_97CIRMF42,RT:V35T,35,T,0
Pandrea02,IP_97CIRMF42,RT:V60I,60,I,0
Pandrea02,IP_97CIRMF42,RT:D121Y,121,Y,0
Pandrea02,IP_97CIRMF42,RT:K122E,122,E,0
Pandrea02,IP_97CIRMF42,RT:I135V,135,V,0
Pandrea02,IP_97CIRMF42,RT:D177E,177,E,0
Pandrea02,IP_97CIRMF42,RT:I178L,178,L,0
Pandrea02,IP_97CIRMF42,RT:E204K,204,K,0
Pandrea02,IP_97CIRMF42,RT:Q207D,207,D,0
Pandrea02,IP_97CIRMF42,RT:R211K,211,K,0
Pandrea02,IP_97CIRMF43,RT:K22N,22,N,0
Pandrea02,IP_97CIRMF43,RT:V35T,35,T,0
Pandrea02,IP_97CIRMF43,RT:E36D,36,D,0
Pandrea02,IP_97CIRMF43,RT:D123E,123,E,0
Pandrea02,IP_97CIRMF43,RT:I135V,135,V,0
Pandrea02,IP_97CIRMF43,RT:S162A,162,A,0
Pandrea02,IP_97CIRMF43,RT:K173T,173,T,0
Pandrea02,IP_97CIRMF43,RT:Q174R,174,R,0
Pandrea02,IP_97CIRMF43,RT:D177E,177,E,0
Pandrea02,IP_97CIRMF43,RT:I195T,195,T,0
Pandrea02,IP_97CIRMF43,RT:T200A,200,A,0
Pandrea02,IP_97CIRMF43,RT:Q207E,207,E,0
Pandrea02,IP_97CIRMF43,RT:R211N,211,N,0
Pandrea02,IP_97CIRMF43,RT:E233G,233,G,0
Pandrea02,IP_97CIRMF44,RT:K22N,22,N,0
Pandrea02,IP_97CIRMF44,RT:V35P,35,P,0
Pandrea02,IP_97CIRMF44,RT:T39I,39,I,0
Pandrea02,IP_97CIRMF44,RT:V60I,60,I,0
Pandrea02,IP_97CIRMF44,RT:D121Y,121,Y,0
Pandrea02,IP_97CIRMF44,RT:K122E,122,E,0
Pandrea02,IP_97CIRMF44,RT:D123G,123,G,0
Pandrea02,IP_97CIRMF44,RT:D177E,177,E,0
Pandrea02,IP_97CIRMF44,RT:I178L,178,L,0
Pandrea02,IP_97CIRMF44,RT:Q207D,207,D,0
Pandrea02,IP_97CIRMF44,RT:R211K,211,K,0
Pandrea02,IP_97CIRMF45,RT:K13N,13,N,0
Pandrea02,IP_97CIRMF45,RT:K22N,22,N,0
Pandrea02,IP_97CIRMF45,RT:T27P,27,P,0
Pandrea02,IP_97CIRMF45,RT:V35P,35,P,0
Pandrea02,IP_97CIRMF45,RT:V60I,60,I,0
Pandrea02,IP_97CIRMF45,RT:D121Y,121,Y,0
Pandrea02,IP_97CIRMF45,RT:K122E,122,E,0
Pandrea02,IP_97CIRMF45,RT:D123E,123,E,0
Pandrea02,IP_97CIRMF45,RT:D177E,177,E,0
Pandrea02,IP_97CIRMF45,RT:I178L,178,L,0
Pandrea02,IP_97CIRMF45,RT:E204G,204,G,0
Pandrea02,IP_97CIRMF45,RT:Q207D,207,D,0
Pandrea02,IP_97CIRMF45,RT:R211K,211,K,0
Pandrea02,IP_97CIRMF50,RT:K22N,22,N,0
Pandrea02,IP_97CIRMF50,RT:V35P,35,P,0
Pandrea02,IP_97CIRMF50,RT:E36D,36,D,0
Pandrea02,IP_97CIRMF50,RT:T39K,39,K,0
Pandrea02,IP_97CIRMF50,RT:V60I,60,I,0
Pandrea02,IP_97CIRMF50,RT:V90I,90,I,0
Pandrea02,IP_97CIRMF50,RT:I135V,135,V,0
Pandrea02,IP_97CIRMF50,RT:S162A,162,A,0
Pandrea02,IP_97CIRMF50,RT:K173T,173,T,0
Pandrea02,IP_97CIRMF50,RT:Q174K,174,K,0
Pandrea02,IP_97CIRMF50,RT:D177E,177,E,0
Pandrea02,IP_97CIRMF50,RT:I178M,178,M,0
Pandrea02,IP_97CIRMF50,RT:T200A,200,A,0
Pandrea02,IP_97CIRMF50,RT:Q207E,207,E,0
Pandrea02,IP_97CIRMF51,RT:K20R,20,R,0
Pandrea02,IP_97CIRMF51,RT:V35T,35,T,0
Pandrea02,IP_97CIRMF51,RT:T39N,39,N,0
Pandrea02,IP_97CIRMF51,RT:V60I,60,I,0
Pandrea02,IP_97CIRMF51,RT:K122E,122,E,0
Pandrea02,IP_97CIRMF51,RT:K173S,173,S,0
Pandrea02,IP_97CIRMF51,RT:Q174K,174,K,0
Pandrea02,IP_97CIRMF51,RT:T200A,200,A,0
Pandrea02,IP_97CIRMF51,RT:Q207E,207,E,0
Pandrea02,IP_97CIRMF51,RT:R211K,211,K,0
Pandrea02,IP_97CIRMF58,RT:K22N,22,N,0
Pandrea02,IP_97CIRMF58,RT:V35T,35,T,0
Pandrea02,IP_97CIRMF58,RT:E36D,36,D,0
Pandrea02,IP_97CIRMF58,RT:D123E,123,E,0
Pandrea02,IP_97CIRMF58,RT:I135V,135,V,0
Pandrea02,IP_97CIRMF58,RT:S162A,162,A,0
Pandrea02,IP_97CIRMF58,RT:K173T,173,T,0
Pandrea02,IP_97CIRMF58,RT:Q174R,174,R,0
Pandrea02,IP_97CIRMF58,RT:D177E,177,E,0
Pandrea02,IP_97CIRMF58,RT:I195T,195,T,0
Pandrea02,IP_97CIRMF58,RT:T200A,200,A,0
Pandrea02,IP_97CIRMF58,RT:Q207E,207,E,0
Pandrea02,IP_97CIRMF58,RT:R211N,211,N,0
Pandrea02,IP_97CIRMF58,RT:E233G,233,G,0
Pandrea02,IP_97CIRMF61,RT:V35T,35,T,0
Pandrea02,IP_97CIRMF61,RT:V60I,60,I,0
Pandrea02,IP_97CIRMF61,RT:K122E,122,E,0
Pandrea02,IP_97CIRMF61,RT:D123S,123,S,0
Pandrea02,IP_97CIRMF61,RT:K173S,173,S,0
Pandrea02,IP_97CIRMF61,RT:Q174K,174,K,0
Pandrea02,IP_97CIRMF61,RT:T200A,200,A,0
Pandrea02,IP_97CIRMF61,RT:Q207E,207,E,0
Pandrea02,IP_97CIRMF61,RT:R211K,211,K,0
Pandrea02,IP_97CIRMF63,RT:V35P,35,P,0
Pandrea02,IP_97CIRMF63,RT:V60I,60,I,0
Pandrea02,IP_97CIRMF63,RT:K122E,122,E,0
Pandrea02,IP_97CIRMF63,RT:D123S,123,S,0
Pandrea02,IP_97CIRMF63,RT:K173E,173,E,0
Pandrea02,IP_97CIRMF63,RT:Q174R,174,R,0
Pandrea02,IP_97CIRMF63,RT:D177E,177,E,0
Pandrea02,IP_97CIRMF63,RT:I178L,178,L,0
Pandrea02,IP_97CIRMF63,RT:T200A,200,A,0
Pandrea02,IP_97CIRMF63,RT:Q207A,207,A,0
Pandrea02,IP_97CIRMF63,RT:R211K,211,K,0
Pandrea02,IP_97CIRMF65,RT:V35T,35,T,0
Pandrea02,IP_97CIRMF65,RT:D123E,123,E,0
Pandrea02,IP_97CIRMF65,RT:I135V,135,V,0
Pandrea02,IP_97CIRMF65,RT:S162A,162,A,0
Pandrea02,IP_97CIRMF65,RT:E169A,169,A,0
Pandrea02,IP_97CIRMF65,RT:K173T,173,T,0
Pandrea02,IP_97CIRMF65,RT:Q174E,174,E,0
Pandrea02,IP_97CIRMF65,RT:D177E,177,E,0
Pandrea02,IP_97CIRMF65,RT:T200A,200,A,0
Pandrea02,IP_97CIRMF65,RT:Q207E,207,E,0
Pandrea02,IP_97CIRMF66,RT:K22N,22,N,0
Pandrea02,IP_97CIRMF66,RT:V35P,35,P,0
Pandrea02,IP_97CIRMF66,RT:E36D,36,D,0
Pandrea02,IP_97CIRMF66,RT:D123N,123,N,0
Pandrea02,IP_97CIRMF66,RT:I135V,135,V,0
Pandrea02,IP_97CIRMF66,RT:S162A,162,A,0
Pandrea02,IP_97CIRMF66,RT:K173T,173,T,0
Pandrea02,IP_97CIRMF66,RT:Q174K,174,K,0
Pandrea02,IP_97CIRMF66,RT:D177E,177,E,0
Pandrea02,IP_97CIRMF66,RT:T200A,200,A,0
Pandrea02,IP_97CIRMF66,RT:Q207E,207,E,0
Pandrea02,IP_97CIRMF69,RT:K11P,11,P,0
Pandrea02,IP_97CIRMF69,RT:K32I,32,I,0
Pandrea02,IP_97CIRMF69,RT:V35P,35,P,0
Pandrea02,IP_97CIRMF69,RT:T39K,39,K,0
Pandrea02,IP_97CIRMF69,RT:I50V,50,V,0
Pandrea02,IP_97CIRMF69,RT:V60I,60,I,0
Pandrea02,IP_97CIRMF69,RT:K122A,122,A,0
Pandrea02,IP_97CIRMF69,RT:D123S,123,S,0
Pandrea02,IP_97CIRMF69,RT:A158S,158,S,0
Pandrea02,IP_97CIRMF69,RT:K173S,173,S,0
Pandrea02,IP_97CIRMF69,RT:Q174K,174,K,0
Pandrea02,IP_97CIRMF69,RT:D177E,177,E,0
Pandrea02,IP_97CIRMF69,RT:I178L,178,L,0
Pandrea02,IP_97CIRMF69,RT:G196K,196,K,0
Pandrea02,IP_97CIRMF69,RT:T200A,200,A,0
Pandrea02,IP_97CIRMF69,RT:I202V,202,V,0
Pandrea02,IP_97CIRMF69,RT:Q207A,207,A,0
Pandrea02,IP_97CIRMF69,RT:R211S,211,S,0
Pandrea02,IP_97CIRMF70,RT:V35P,35,P,0
Pandrea02,IP_97CIRMF70,RT:K49R,49,R,0
Pandrea02,IP_97CIRMF70,RT:D123E,123,E,0
Pandrea02,IP_97CIRMF70,RT:I135V,135,V,0
Pandrea02,IP_97CIRMF70,RT:S162A,162,A,0
Pandrea02,IP_97CIRMF70,RT:F171Y,171,Y,0
Pandrea02,IP_97CIRMF70,RT:K173I,173,I,0
Pandrea02,IP_97CIRMF70,RT:Q174K,174,K,0
Pandrea02,IP_97CIRMF70,RT:D177E,177,E,0
Pandrea02,IP_97CIRMF70,RT:I178M,178,M,0
Pandrea02,IP_97CIRMF70,RT:G196E,196,E,0
Pandrea02,IP_97CIRMF70,RT:T200A,200,A,0
Pandrea02,IP_97CIRMF70,RT:E204K,204,K,0
Pandrea02,IP_97CIRMF70,RT:Q207E,207,E,0
Pandrea02,IP_97CIRMF70,RT:R211K,211,K,0
Pandrea02,IP_97CIRMF70,RT:F214L,214,L,0
Pandrea02,IP_97CIRMF71,RT:V35T,35,T,0
Pandrea02,IP_97CIRMF71,RT:E36A,36,A,0
Pandrea02,IP_97CIRMF71,RT:T39E,39,E,0
Pandrea02,IP_97CIRMF71,RT:S48T,48,T,0
Pandrea02,IP_97CIRMF71,RT:K122E,122,E,0
Pandrea02,IP_97CIRMF71,RT:A158S,158,S,0
Pandrea02,IP_97CIRMF71,RT:K173A,173,A,0
Pandrea02,IP_97CIRMF71,RT:D177E,177,E,0
Pandrea02,IP_97CIRMF71,RT:T200A,200,A,0
Pandrea02,IP_97CIRMF71,RT:Q207K,207,K,0
Pandrea02,IP_97CIRMF71,RT:R211K,211,K,0
Pandrea02,IP_98CIRMF10,RT:E6D,6,D,0
Pandrea02,IP_98CIRMF10,RT:V35T,35,T,0
Pandrea02,IP_98CIRMF10,RT:V60I,60,I,0
Pandrea02,IP_98CIRMF10,RT:T107S,107,S,0
Pandrea02,IP_98CIRMF10,RT:V118I,118,I,0
Pandrea02,IP_98CIRMF10,RT:D121C,121,C,0
Pandrea02,IP_98CIRMF10,RT:K122E,122,E,0
Pandrea02,IP_98CIRMF10,RT:I142V,142,V,0
Pandrea02,IP_98CIRMF10,RT:T165I,165,I,0
Pandrea02,IP_98CIRMF10,RT:D177E,177,E,0
Pandrea02,IP_98CIRMF10,RT:I178V,178,V,0
Pandrea02,IP_98CIRMF10,RT:T200A,200,A,0
Pandrea02,IP_98CIRMF10,RT:E204K,204,K,0
Pandrea02,IP_98CIRMF10,RT:Q207E,207,E,0
Pandrea02,IP_98CIRMF10,RT:R211K,211,K,0
Pandrea02,IP_98CIRMF10,RT:F214L,214,L,0
Pandrea02,IP_99CIRMF01,RT:V35T,35,T,0
Pandrea02,IP_99CIRMF01,RT:E53D,53,D,0
Pandrea02,IP_99CIRMF01,RT:V60I,60,I,0
Pandrea02,IP_99CIRMF01,RT:K64R,64,R,0
Pandrea02,IP_99CIRMF01,RT:D121H,121,H,0
Pandrea02,IP_99CIRMF01,RT:K122E,122,E,0
Pandrea02,IP_99CIRMF01,RT:D123S,123,S,0
Pandrea02,IP_99CIRMF01,RT:I135V,135,V,0
Pandrea02,IP_99CIRMF01,RT:K166R,166,R,0
Pandrea02,IP_99CIRMF01,RT:D177E,177,E,0
Pandrea02,IP_99CIRMF01,RT:I178L,178,L,0
Pandrea02,IP_99CIRMF01,RT:Q207D,207,D,0
Pandrea02,IP_99CIRMF01,RT:R211K,211,K,0
